Country	region	col_plot	samples_names	Locality	Station	Grab	Distance_cage	Depth	AMBI	NSI	ISI	ITI	NQI1	Shannon
Norway	coast	1	FHF1-St1-Gr1-A	Farm_1	1	1	0	206	4.447143	13.434185	5.941429	27.1	0.40112276	2.004455
Norway	coast	1	FHF1-St1-Gr1-B	Farm_1	1	1	0	206	4.447143	13.434185	5.941429	27.1	0.40112276	2.004455
Norway	coast	1	FHF1-St1-Gr1-C	Farm_1	1	1	0	206	4.447143	13.434185	5.941429	27.1	0.40112276	2.004455
Norway	coast	1	FHF1-St1-Gr2-A	Farm_1	1	3	0	206	4.527226	12.156156	6.138889	16.2	0.41111431	1.892259
Norway	coast	1	FHF1-St1-Gr2-B	Farm_1	1	3	0	206	4.527226	12.156156	6.138889	16.2	0.41111431	1.892259
Norway	coast	1	FHF1-St1-Gr2-C	Farm_1	1	3	0	206	4.527226	12.156156	6.138889	16.2	0.41111431	1.892259
Norway	coast	1	FHF1-St2-Gr1-A	Farm_1	2	2	38	211	5.099777	12.337974	6.555	15.6	0.44016099	2.151196
Norway	coast	1	FHF1-St2-Gr1-B	Farm_1	2	2	38	211	5.099777	12.337974	6.555	15.6	0.44016099	2.151196
Norway	coast	1	FHF1-St2-Gr1-C	Farm_1	2	2	38	211	5.099777	12.337974	6.555	15.6	0.44016099	2.151196
Norway	coast	1	FHF1-St2-Gr2-A	Farm_1	2	3	38	211	5.208406	13.422589	6.597857	25.7	0.39874095	1.690734
Norway	coast	1	FHF1-St2-Gr2-B	Farm_1	2	3	38	211	5.208406	13.422589	6.597857	25.7	0.39874095	1.690734
Norway	coast	1	FHF1-St2-Gr2-C	Farm_1	2	3	38	211	5.208406	13.422589	6.597857	25.7	0.39874095	1.690734
Norway	coast	1	FHF1-St3-Gr1-A	Farm_1	3	1	100	247	3.883429	18.71305	8.416452	57.7	0.55919265	2.768624
Norway	coast	1	FHF1-St3-Gr1-B	Farm_1	3	1	100	247	3.883429	18.71305	8.416452	57.7	0.55919265	2.768624
Norway	coast	1	FHF1-St3-Gr1-C	Farm_1	3	1	100	247	3.883429	18.71305	8.416452	57.7	0.55919265	2.768624
Norway	coast	1	FHF1-St3-Gr2-A	Farm_1	3	2	100	247	4.790598	15.800029	6.492222	37.8	0.46129279	1.983448
Norway	coast	1	FHF1-St3-Gr2-B	Farm_1	3	2	100	247	4.790598	15.800029	6.492222	37.8	0.46129279	1.983448
Norway	coast	1	FHF1-St3-Gr2-C	Farm_1	3	2	100	247	4.790598	15.800029	6.492222	37.8	0.46129279	1.983448
Norway	coast	1	FHF1-St4-Gr1-A	Farm_1	4	1	280	310	1.794479	25.046911	10.239524	62.2	0.79696529	4.717872
Norway	coast	1	FHF1-St4-Gr1-B	Farm_1	4	1	280	310	1.794479	25.046911	10.239524	62.2	0.79696529	4.717872
Norway	coast	1	FHF1-St4-Gr1-C	Farm_1	4	1	280	310	1.794479	25.046911	10.239524	62.2	0.79696529	4.717872
Norway	coast	1	FHF1-St4-Gr2-A	Farm_1	4	2	280	310	2.602687	22.879065	10.257083	54.4	0.73614335	4.510153
Norway	coast	1	FHF1-St4-Gr2-B	Farm_1	4	2	280	310	2.602687	22.879065	10.257083	54.4	0.73614335	4.510153
Norway	coast	1	FHF1-St4-Gr2-C	Farm_1	4	2	280	310	2.602687	22.879065	10.257083	54.4	0.73614335	4.510153
Norway	coast	2	FHF2-St1-Gr1-A	Farm_2	1	1	0	174	4.982143	11.580882	6.949231	11.8	0.42684877	1.913721
Norway	coast	2	FHF2-St1-Gr1-B	Farm_2	1	1	0	174	4.982143	11.580882	6.949231	11.8	0.42684877	1.913721
Norway	coast	2	FHF2-St1-Gr1-C	Farm_2	1	1	0	174	4.982143	11.580882	6.949231	11.8	0.42684877	1.913721
Norway	coast	2	FHF2-St1-Gr2-A	Farm_2	1	2	0	174	5.144766	11.062695	7.139333	10.3	0.41014871	1.873513
Norway	coast	2	FHF2-St1-Gr2-B	Farm_2	1	2	0	174	5.144766	11.062695	7.139333	10.3	0.41014871	1.873513
Norway	coast	2	FHF2-St1-Gr2-C	Farm_2	1	2	0	174	5.144766	11.062695	7.139333	10.3	0.41014871	1.873513
Norway	coast	2	FHF2-St2-Gr1-A	Farm_2	2	1	34	171	4.168589	16.146373	7.388621	36	0.54618112	2.867349
Norway	coast	2	FHF2-St2-Gr1-B	Farm_2	2	1	34	171	4.168589	16.146373	7.388621	36	0.54618112	2.867349
Norway	coast	2	FHF2-St2-Gr1-C	Farm_2	2	1	34	171	4.168589	16.146373	7.388621	36	0.54618112	2.867349
Norway	coast	2	FHF2-St2-Gr2-A	Farm_2	2	4	34	171	4.354957	15.947129	6.922727	33.3	0.51448276	2.93404
Norway	coast	2	FHF2-St2-Gr2-B	Farm_2	2	4	34	171	4.354957	15.947129	6.922727	33.3	0.51448276	2.93404
Norway	coast	2	FHF2-St2-Gr2-C	Farm_2	2	4	34	171	4.354957	15.947129	6.922727	33.3	0.51448276	2.93404
Norway	coast	2	FHF2-St3-Gr1-A	Farm_2	3	1	140	296	3.187755	21.083702	8.843333	39.9	0.69950602	4.649845
Norway	coast	2	FHF2-St3-Gr1-B	Farm_2	3	1	140	296	3.187755	21.083702	8.843333	39.9	0.69950602	4.649845
Norway	coast	2	FHF2-St3-Gr1-C	Farm_2	3	1	140	296	3.187755	21.083702	8.843333	39.9	0.69950602	4.649845
Norway	coast	2	FHF2-St3-Gr2-A	Farm_2	3	2	140	296	3.07312	21.149234	8.904902	35.8	0.69049446	4.142638
Norway	coast	2	FHF2-St3-Gr2-B	Farm_2	3	2	140	296	3.07312	21.149234	8.904902	35.8	0.69049446	4.142638
Norway	coast	2	FHF2-St3-Gr2-C	Farm_2	3	2	140	296	3.07312	21.149234	8.904902	35.8	0.69049446	4.142638
Norway	coast	2	FHF2-St4-Gr1-A	Farm_2	4	1	640	332	2.569948	23.567165	10.450909	47.6	0.71205341	3.210782
Norway	coast	2	FHF2-St4-Gr1-B	Farm_2	4	1	640	332	2.569948	23.567165	10.450909	47.6	0.71205341	3.210782
Norway	coast	2	FHF2-St4-Gr1-C	Farm_2	4	1	640	332	2.569948	23.567165	10.450909	47.6	0.71205341	3.210782
Norway	coast	2	FHF2-St4-Gr2-A	Farm_2	4	2	640	332	2.40501	23.129113	10.131389	41.7	0.71325758	2.962166
Norway	coast	2	FHF2-St4-Gr2-B	Farm_2	4	2	640	332	2.40501	23.129113	10.131389	41.7	0.71325758	2.962166
Norway	coast	2	FHF2-St4-Gr2-C	Farm_2	4	2	640	332	2.40501	23.129113	10.131389	41.7	0.71325758	2.962166
Norway	coast	2	FHF2-St5-Gr1-A	Farm_2	5	1	1330	367	2.457237	23.359762	10.1164	60.9	0.7054365	3.474161
Norway	coast	2	FHF2-St5-Gr1-B	Farm_2	5	1	1330	367	2.457237	23.359762	10.1164	60.9	0.7054365	3.474161
Norway	coast	2	FHF2-St5-Gr1-C	Farm_2	5	1	1330	367	2.457237	23.359762	10.1164	60.9	0.7054365	3.474161
Norway	coast	2	FHF2-St5-Gr2-A	Farm_2	5	2	1330	367	1.676768	24.3209	9.505625	52.6	0.7685111	3.885663
Norway	coast	2	FHF2-St5-Gr2-B	Farm_2	5	2	1330	367	1.676768	24.3209	9.505625	52.6	0.7685111	3.885663
Norway	coast	2	FHF2-St5-Gr2-C	Farm_2	5	2	1330	367	1.676768	24.3209	9.505625	52.6	0.7685111	3.885663
Norway	coast	3	FHF3-St1-Gr1-A	Farm_3	1	1	0	98	5.980048	6.955049	5.076667	0.604	0.22835942	0.2097159
Norway	coast	3	FHF3-St1-Gr1-B	Farm_3	1	1	0	98	5.980048	6.955049	5.076667	0.604	0.22835942	0.2097159
Norway	coast	3	FHF3-St1-Gr1-C	Farm_3	1	1	0	98	5.980048	6.955049	5.076667	0.604	0.22835942	0.2097159
Norway	coast	3	FHF3-St1-Gr2-A	Farm_3	1	2	0	98	5.99115	6.936928	5.026667	0.539	0.22984081	0.2520488
Norway	coast	3	FHF3-St1-Gr2-B	Farm_3	1	2	0	98	5.99115	6.936928	5.026667	0.539	0.22984081	0.2520488
Norway	coast	3	FHF3-St1-Gr2-C	Farm_3	1	2	0	98	5.99115	6.936928	5.026667	0.539	0.22984081	0.2520488
Norway	coast	3	FHF3-St2-Gr1-A	Farm_3	2	1	75	83	5.96995	6.70786	5.023333	0.613	0.26616979	0.7879841
Norway	coast	3	FHF3-St2-Gr1-B	Farm_3	2	1	75	83	5.96995	6.70786	5.023333	0.613	0.26616979	0.7879841
Norway	coast	3	FHF3-St2-Gr1-C	Farm_3	2	1	75	83	5.96995	6.70786	5.023333	0.613	0.26616979	0.7879841
Norway	coast	3	FHF3-St2-Gr2-A	Farm_3	2	2	75	83	5.987462	6.747947	6.818571	0.264	0.28898755	0.603924
Norway	coast	3	FHF3-St2-Gr2-B	Farm_3	2	2	75	83	5.987462	6.747947	6.818571	0.264	0.28898755	0.603924
Norway	coast	3	FHF3-St2-Gr2-C	Farm_3	2	2	75	83	5.987462	6.747947	6.818571	0.264	0.28898755	0.603924
Norway	coast	3	FHF3-St3-Gr1-A	Farm_3	3	1	150	85	5.835249	7.54903	6.245625	2.03	0.38802251	0.5752471
Norway	coast	3	FHF3-St3-Gr1-B	Farm_3	3	1	150	85	5.835249	7.54903	6.245625	2.03	0.38802251	0.5752471
Norway	coast	3	FHF3-St3-Gr1-C	Farm_3	3	1	150	85	5.835249	7.54903	6.245625	2.03	0.38802251	0.5752471
Norway	coast	3	FHF3-St3-Gr2-A	Farm_3	3	2	150	85	5.675926	7.70011	6.527059	1.93	0.41152339	0.8830332
Norway	coast	3	FHF3-St3-Gr2-B	Farm_3	3	2	150	85	5.675926	7.70011	6.527059	1.93	0.41152339	0.8830332
Norway	coast	3	FHF3-St3-Gr2-C	Farm_3	3	2	150	85	5.675926	7.70011	6.527059	1.93	0.41152339	0.8830332
Norway	coast	3	FHF3-St4-Gr1-A	Farm_3	4	1	430	126	2.2875	22.92487	8.845	30.6	0.75436801	4.3371287
Norway	coast	3	FHF3-St4-Gr1-B	Farm_3	4	1	430	126	2.2875	22.92487	8.845	30.6	0.75436801	4.3371287
Norway	coast	3	FHF3-St4-Gr1-C	Farm_3	4	1	430	126	2.2875	22.92487	8.845	30.6	0.75436801	4.3371287
Norway	coast	3	FHF3-St4-Gr2-A	Farm_3	4	2	430	126	2.301915	23.126098	9.236271	33.9	0.75801854	4.5072696
Norway	coast	3	FHF3-St4-Gr2-B	Farm_3	4	2	430	126	2.301915	23.126098	9.236271	33.9	0.75801854	4.5072696
Norway	coast	3	FHF3-St4-Gr2-C	Farm_3	4	2	430	126	2.301915	23.126098	9.236271	33.9	0.75801854	4.5072696
Norway	coast	3	FHF3-St5-Gr1-A	Farm_3	5	1	1110	273	2.301724	22.393325	10.212258	27.4	0.71180207	3.5851848
Norway	coast	3	FHF3-St5-Gr1-B	Farm_3	5	1	1110	273	2.301724	22.393325	10.212258	27.4	0.71180207	3.5851848
Norway	coast	3	FHF3-St5-Gr1-C	Farm_3	5	1	1110	273	2.301724	22.393325	10.212258	27.4	0.71180207	3.5851848
Norway	coast	3	FHF3-St5-Gr2-A	Farm_3	5	2	1110	273	2.145051	22.172357	9.118276	22.9	0.72701156	3.6230304
Norway	coast	3	FHF3-St5-Gr2-B	Farm_3	5	2	1110	273	2.145051	22.172357	9.118276	22.9	0.72701156	3.6230304
Norway	coast	3	FHF3-St5-Gr2-C	Farm_3	5	2	1110	273	2.145051	22.172357	9.118276	22.9	0.72701156	3.6230304
Norway	coast	4	FHF4-St1-Gr1-A	Farm_4	1	1	0	139	5.981859	6.886257	5.021429	0.262	0.26867648	0.5007153
Norway	coast	4	FHF4-St1-Gr1-B	Farm_4	1	1	0	139	5.981859	6.886257	5.021429	0.262	0.26867648	0.5007153
Norway	coast	4	FHF4-St1-Gr1-C	Farm_4	1	1	0	139	5.981859	6.886257	5.021429	0.262	0.26867648	0.5007153
Norway	coast	4	FHF4-St1-Gr2-A	Farm_4	1	2	0	139	5.982851	6.894799	4.884286	0.221	0.2676752	0.4669585
Norway	coast	4	FHF4-St1-Gr2-B	Farm_4	1	2	0	139	5.982851	6.894799	4.884286	0.221	0.2676752	0.4669585
Norway	coast	4	FHF4-St1-Gr2-C	Farm_4	1	2	0	139	5.982851	6.894799	4.884286	0.221	0.2676752	0.4669585
Norway	coast	4	FHF4-St2-Gr1-A	Farm_4	2	1	68	134	4.700732	12.444033	7.464828	5.11	0.49915089	2.2065642
Norway	coast	4	FHF4-St2-Gr1-B	Farm_4	2	1	68	134	4.700732	12.444033	7.464828	5.11	0.49915089	2.2065642
Norway	coast	4	FHF4-St2-Gr1-C	Farm_4	2	1	68	134	4.700732	12.444033	7.464828	5.11	0.49915089	2.2065642
Norway	coast	4	FHF4-St2-Gr2-A	Farm_4	2	2	68	134	2.479452	21.296439	7.1	35.1	0.70316157	3.3986508
Norway	coast	4	FHF4-St2-Gr2-B	Farm_4	2	2	68	134	2.479452	21.296439	7.1	35.1	0.70316157	3.3986508
Norway	coast	4	FHF4-St2-Gr2-C	Farm_4	2	2	68	134	2.479452	21.296439	7.1	35.1	0.70316157	3.3986508
Norway	coast	4	FHF4-St3-Gr1-A	Farm_4	3	1	300	136	2.395864	22.000659	7.932632	45.7	0.6973454	2.9494536
Norway	coast	4	FHF4-St3-Gr1-B	Farm_4	3	1	300	136	2.395864	22.000659	7.932632	45.7	0.6973454	2.9494536
Norway	coast	4	FHF4-St3-Gr1-C	Farm_4	3	1	300	136	2.395864	22.000659	7.932632	45.7	0.6973454	2.9494536
Norway	coast	4	FHF4-St3-Gr2-A	Farm_4	3	2	300	136	2.429395	21.948994	7.77475	34.8	0.714983	3.5392217
Norway	coast	4	FHF4-St3-Gr2-B	Farm_4	3	2	300	136	2.429395	21.948994	7.77475	34.8	0.714983	3.5392217
Norway	coast	4	FHF4-St3-Gr2-C	Farm_4	3	2	300	136	2.429395	21.948994	7.77475	34.8	0.714983	3.5392217
Norway	coast	4	FHF4-St4-Gr1-A	Farm_4	4	1	610	190	2.026007	23.679515	9.903158	47	0.76534844	4.7051434
Norway	coast	4	FHF4-St4-Gr1-B	Farm_4	4	1	610	190	2.026007	23.679515	9.903158	47	0.76534844	4.7051434
Norway	coast	4	FHF4-St4-Gr1-C	Farm_4	4	1	610	190	2.026007	23.679515	9.903158	47	0.76534844	4.7051434
Norway	coast	4	FHF4-St4-Gr2-A	Farm_4	4	2	610	190	1.879653	23.706651	8.547179	42.9	0.77235842	4.7919258
Norway	coast	4	FHF4-St4-Gr2-B	Farm_4	4	2	610	190	1.879653	23.706651	8.547179	42.9	0.77235842	4.7919258
Norway	coast	4	FHF4-St4-Gr2-C	Farm_4	4	2	610	190	1.879653	23.706651	8.547179	42.9	0.77235842	4.7919258
Norway	coast	4	FHF4-St5-Gr1-A	Farm_4	5	1	900	195	1.955734	24.964253	10.297872	43.7	0.77905077	5.0181581
Norway	coast	4	FHF4-St5-Gr1-B	Farm_4	5	1	900	195	1.955734	24.964253	10.297872	43.7	0.77905077	5.0181581
Norway	coast	4	FHF4-St5-Gr1-C	Farm_4	5	1	900	195	1.955734	24.964253	10.297872	43.7	0.77905077	5.0181581
Norway	coast	4	FHF4-St5-Gr2-A	Farm_4	5	2	900	195	1.657426	25.408456	9.667414	51	0.83836987	5.2796832
Norway	coast	4	FHF4-St5-Gr2-B	Farm_4	5	2	900	195	1.657426	25.408456	9.667414	51	0.83836987	5.2796832
Norway	coast	4	FHF4-St5-Gr2-C	Farm_4	5	2	900	195	1.657426	25.408456	9.667414	51	0.83836987	5.2796832
Norway	coast	5	FHF5-St1-Gr1-A	Farm_5	1	1	0	89	5.969388	6.86642	1.96	0.816	0.22117538	0.3579703
Norway	coast	5	FHF5-St1-Gr1-B	Farm_5	1	1	0	89	5.969388	6.86642	1.96	0.816	0.22117538	0.3579703
Norway	coast	5	FHF5-St1-Gr1-C	Farm_5	1	1	0	89	5.969388	6.86642	1.96	0.816	0.22117538	0.3579703
Norway	coast	5	FHF5-St1-Gr2-A	Farm_5	1	2	0	89	5.968531	6.558873	1.96	0.699	0.19638299	0.7421285
Norway	coast	5	FHF5-St1-Gr2-B	Farm_5	1	2	0	89	5.968531	6.558873	1.96	0.699	0.19638299	0.7421285
Norway	coast	5	FHF5-St1-Gr2-C	Farm_5	1	2	0	89	5.968531	6.558873	1.96	0.699	0.19638299	0.7421285
Norway	coast	5	FHF5-St2-Gr1-A	Farm_5	2	1	66	104	NA	NA	NA	NA	NA	NA
Norway	coast	5	FHF5-St2-Gr1-B	Farm_5	2	1	66	104	NA	NA	NA	NA	NA	NA
Norway	coast	5	FHF5-St2-Gr1-C	Farm_5	2	1	66	104	NA	NA	NA	NA	NA	NA
Norway	coast	5	FHF5-St2-Gr2-A	Farm_5	2	2	66	104	NA	NA	NA	NA	NA	NA
Norway	coast	5	FHF5-St2-Gr2-B	Farm_5	2	2	66	104	NA	NA	NA	NA	NA	NA
Norway	coast	5	FHF5-St2-Gr2-C	Farm_5	2	2	66	104	NA	NA	NA	NA	NA	NA
Norway	coast	5	FHF5-St3-Gr1-A	Farm_5	3	1	200	116	NA	NA	NA	NA	NA	NA
Norway	coast	5	FHF5-St3-Gr1-B	Farm_5	3	1	200	116	NA	NA	NA	NA	NA	NA
Norway	coast	5	FHF5-St3-Gr1-C	Farm_5	3	1	200	116	NA	NA	NA	NA	NA	NA
Norway	coast	5	FHF5-St3-Gr2-A	Farm_5	3	2	200	116	NA	NA	NA	NA	NA	NA
Norway	coast	5	FHF5-St3-Gr2-B	Farm_5	3	2	200	116	NA	NA	NA	NA	NA	NA
Norway	coast	5	FHF5-St3-Gr2-C	Farm_5	3	2	200	116	NA	NA	NA	NA	NA	NA
Norway	coast	5	FHF5-St4-Gr1-A	Farm_5	4	1	630	151	2.408922	23.976465	9.316667	67.8	0.7673336	4.6666027
Norway	coast	5	FHF5-St4-Gr1-B	Farm_5	4	1	630	151	2.408922	23.976465	9.316667	67.8	0.7673336	4.6666027
Norway	coast	5	FHF5-St4-Gr1-C	Farm_5	4	1	630	151	2.408922	23.976465	9.316667	67.8	0.7673336	4.6666027
Norway	coast	5	FHF5-St4-Gr2-A	Farm_5	4	2	630	151	1.694056	24.631376	10.113947	71.3	0.8230826	5.1719237
Norway	coast	5	FHF5-St4-Gr2-B	Farm_5	4	2	630	151	1.694056	24.631376	10.113947	71.3	0.8230826	5.1719237
Norway	coast	5	FHF5-St4-Gr2-C	Farm_5	4	2	630	151	1.694056	24.631376	10.113947	71.3	0.8230826	5.1719237
Norway	coast	5	FHF5-St5-Gr1-A	Farm_5	5	1	1530	168	1.30127	27.229417	9.946458	65.5	0.84029946	5.0975244
Norway	coast	5	FHF5-St5-Gr1-B	Farm_5	5	1	1530	168	1.30127	27.229417	9.946458	65.5	0.84029946	5.0975244
Norway	coast	5	FHF5-St5-Gr1-C	Farm_5	5	1	1530	168	1.30127	27.229417	9.946458	65.5	0.84029946	5.0975244
Norway	coast	5	FHF5-St5-Gr2-A	Farm_5	5	2	1530	168	1.389163	25.81523	10.006346	69.6	0.86064016	5.8410801
Norway	coast	5	FHF5-St5-Gr2-B	Farm_5	5	2	1530	168	1.389163	25.81523	10.006346	69.6	0.86064016	5.8410801
Norway	coast	5	FHF5-St5-Gr2-C	Farm_5	5	2	1530	168	1.389163	25.81523	10.006346	69.6	0.86064016	5.8410801
Norway	coast	6	FHF6-St1-Gr1-A	Farm_6	1	1	0	81	5.918073	7.038272	4.044	0.03401361	0.2306541	0.5497109
Norway	coast	6	FHF6-St1-Gr1-B	Farm_6	1	1	0	81	5.918073	7.038272	4.044	0.03401361	0.2306541	0.5497109
Norway	coast	6	FHF6-St1-Gr1-C	Farm_6	1	1	0	81	5.918073	7.038272	4.044	0.03401361	0.2306541	0.5497109
Norway	coast	6	FHF6-St1-Gr2-A	Farm_6	1	2	0	81	5.916667	7.030623	3.89	0.13605442	0.2339317	0.5605488
Norway	coast	6	FHF6-St1-Gr2-B	Farm_6	1	2	0	81	5.916667	7.030623	3.89	0.13605442	0.2339317	0.5605488
Norway	coast	6	FHF6-St1-Gr2-C	Farm_6	1	2	0	81	5.916667	7.030623	3.89	0.13605442	0.2339317	0.5605488
Norway	coast	6	FHF6-St1-Gr3D-A	Farm_6	1	3	0	81	NA	NA	NA	NA	NA	NA
Norway	coast	6	FHF6-St1-Gr3D-B	Farm_6	1	3	0	81	NA	NA	NA	NA	NA	NA
Norway	coast	6	FHF6-St1-Gr3D-C	Farm_6	1	3	0	81	NA	NA	NA	NA	NA	NA
Norway	coast	6	FHF6-St2-Gr1-A	Farm_6	2	1	50	NA	5.887656	7.158003	5.48	0	0.2147691	0.5676631
Norway	coast	6	FHF6-St2-Gr1-B	Farm_6	2	1	50	NA	5.887656	7.158003	5.48	0	0.2147691	0.5676631
Norway	coast	6	FHF6-St2-Gr1-C	Farm_6	2	1	50	NA	5.887656	7.158003	5.48	0	0.2147691	0.5676631
Norway	coast	6	FHF6-St2-Gr2-A	Farm_6	2	2	50	NA	5.803082	7.393105	4.916	0.16240357	0.2403855	0.7659571
Norway	coast	6	FHF6-St2-Gr2-B	Farm_6	2	2	50	NA	5.803082	7.393105	4.916	0.16240357	0.2403855	0.7659571
Norway	coast	6	FHF6-St2-Gr2-C	Farm_6	2	2	50	NA	5.803082	7.393105	4.916	0.16240357	0.2403855	0.7659571
Norway	coast	6	FHF6-St2-Gr3D-A	Farm_6	2	3	50	NA	NA	NA	NA	NA	NA	NA
Norway	coast	6	FHF6-St2-Gr3D-B	Farm_6	2	3	50	NA	NA	NA	NA	NA	NA	NA
Norway	coast	6	FHF6-St2-Gr3D-C	Farm_6	2	3	50	NA	NA	NA	NA	NA	NA	NA
Norway	coast	6	FHF6-St3-Gr1-A	Farm_6	3	1	100	NA	5.92215	7.180947	7.076667	0.40574282	0.3272785	0.5240848
Norway	coast	6	FHF6-St3-Gr1-B	Farm_6	3	1	100	NA	5.92215	7.180947	7.076667	0.40574282	0.3272785	0.5240848
Norway	coast	6	FHF6-St3-Gr1-C	Farm_6	3	1	100	NA	5.92215	7.180947	7.076667	0.40574282	0.3272785	0.5240848
Norway	coast	6	FHF6-St3-Gr2-A	Farm_6	3	2	100	NA	5.646028	7.775368	4.49375	0.47805302	0.3085218	1.0181438
Norway	coast	6	FHF6-St3-Gr2-B	Farm_6	3	2	100	NA	5.646028	7.775368	4.49375	0.47805302	0.3085218	1.0181438
Norway	coast	6	FHF6-St3-Gr2-C	Farm_6	3	2	100	NA	5.646028	7.775368	4.49375	0.47805302	0.3085218	1.0181438
Norway	coast	6	FHF6-St3-Gr3D-A	Farm_6	3	3	100	NA	NA	NA	NA	NA	NA	NA
Norway	coast	6	FHF6-St3-Gr3D-B	Farm_6	3	3	100	NA	NA	NA	NA	NA	NA	NA
Norway	coast	6	FHF6-St3-Gr3D-C	Farm_6	3	3	100	NA	NA	NA	NA	NA	NA	NA
Norway	coast	6	FHF6-St4-Gr1-A	Farm_6	4	1	230	86	2.539855	19.316493	8.117	52.88888889	0.6862337	3.6151773
Norway	coast	6	FHF6-St4-Gr1-B	Farm_6	4	1	230	86	2.539855	19.316493	8.117	52.88888889	0.6862337	3.6151773
Norway	coast	6	FHF6-St4-Gr1-C	Farm_6	4	1	230	86	2.539855	19.316493	8.117	52.88888889	0.6862337	3.6151773
Norway	coast	6	FHF6-St4-Gr2-A	Farm_6	4	2	230	86	2.510294	21.384863	7.632857	48.06491885	0.7108851	4.5286452
Norway	coast	6	FHF6-St4-Gr2-B	Farm_6	4	2	230	86	2.510294	21.384863	7.632857	48.06491885	0.7108851	4.5286452
Norway	coast	6	FHF6-St4-Gr2-C	Farm_6	4	2	230	86	2.510294	21.384863	7.632857	48.06491885	0.7108851	4.5286452
Norway	coast	6	FHF6-St4-Gr3D-A	Farm_6	4	3	230	86	NA	NA	NA	NA	NA	NA
Norway	coast	6	FHF6-St4-Gr3D-B	Farm_6	4	3	230	86	NA	NA	NA	NA	NA	NA
Norway	coast	6	FHF6-St4-Gr3D-C	Farm_6	4	3	230	86	NA	NA	NA	NA	NA	NA
Norway	coast	6	FHF6-St5-Gr1-A	Farm_6	5	1	450	87	3.018116	17.337052	7.677333	50.08818342	0.6521432	3.2163364
Norway	coast	6	FHF6-St5-Gr1-B	Farm_6	5	1	450	87	3.018116	17.337052	7.677333	50.08818342	0.6521432	3.2163364
Norway	coast	6	FHF6-St5-Gr1-C	Farm_6	5	1	450	87	3.018116	17.337052	7.677333	50.08818342	0.6521432	3.2163364
Norway	coast	6	FHF6-St5-Gr2-A	Farm_6	5	2	450	87	2.861301	18.573442	7.915714	59.30348259	0.6361098	3.5809226
Norway	coast	6	FHF6-St5-Gr2-B	Farm_6	5	2	450	87	2.861301	18.573442	7.915714	59.30348259	0.6361098	3.5809226
Norway	coast	6	FHF6-St5-Gr2-C	Farm_6	5	2	450	87	2.861301	18.573442	7.915714	59.30348259	0.6361098	3.5809226
Norway	coast	6	FHF6-St5-Gr3D-A	Farm_6	5	3	450	87	NA	NA	NA	NA	NA	NA
Norway	coast	6	FHF6-St5-Gr3D-B	Farm_6	5	3	450	87	NA	NA	NA	NA	NA	NA
Norway	coast	6	FHF6-St5-Gr3D-C	Farm_6	5	3	450	87	NA	NA	NA	NA	NA	NA
Norway	coast	7	FHF7-St1-Gr1-A	Farm_7	1	1	0	113	5.931874	6.986446	5.713333	0.5422374	0.2593943	0.9709942
Norway	coast	7	FHF7-St1-Gr1-B	Farm_7	1	1	0	113	5.931874	6.986446	5.713333	0.5422374	0.2593943	0.9709942
Norway	coast	7	FHF7-St1-Gr1-C	Farm_7	1	1	0	113	5.931874	6.986446	5.713333	0.5422374	0.2593943	0.9709942
Norway	coast	7	FHF7-St1-Gr2-A	Farm_7	1	2	0	113	5.936144	7.076154	5.968333	0.4585841	0.2592234	0.6567019
Norway	coast	7	FHF7-St1-Gr2-B	Farm_7	1	2	0	113	5.936144	7.076154	5.968333	0.4585841	0.2592234	0.6567019
Norway	coast	7	FHF7-St1-Gr2-C	Farm_7	1	2	0	113	5.936144	7.076154	5.968333	0.4585841	0.2592234	0.6567019
Norway	coast	7	FHF7-St1-Gr3D-A	Farm_7	1	3	0	113	NA	NA	NA	NA	NA	NA
Norway	coast	7	FHF7-St1-Gr3D-B	Farm_7	1	3	0	113	NA	NA	NA	NA	NA	NA
Norway	coast	7	FHF7-St1-Gr3D-C	Farm_7	1	3	0	113	NA	NA	NA	NA	NA	NA
Norway	coast	7	FHF7-St2-Gr1-A	Farm_7	2	1	100	NA	5.841079	7.662608	6.164167	1.5609265	0.3352764	0.5664111
Norway	coast	7	FHF7-St2-Gr1-B	Farm_7	2	1	100	NA	5.841079	7.662608	6.164167	1.5609265	0.3352764	0.5664111
Norway	coast	7	FHF7-St2-Gr1-C	Farm_7	2	1	100	NA	5.841079	7.662608	6.164167	1.5609265	0.3352764	0.5664111
Norway	coast	7	FHF7-St2-Gr2-A	Farm_7	2	2	100	NA	5.825975	7.844741	5.378889	1.787592	0.3288604	0.6260067
Norway	coast	7	FHF7-St2-Gr2-B	Farm_7	2	2	100	NA	5.825975	7.844741	5.378889	1.787592	0.3288604	0.6260067
Norway	coast	7	FHF7-St2-Gr2-C	Farm_7	2	2	100	NA	5.825975	7.844741	5.378889	1.787592	0.3288604	0.6260067
Norway	coast	7	FHF7-St2-Gr3D-A	Farm_7	2	3	100	NA	NA	NA	NA	NA	NA	NA
Norway	coast	7	FHF7-St2-Gr3D-B	Farm_7	2	3	100	NA	NA	NA	NA	NA	NA	NA
Norway	coast	7	FHF7-St2-Gr3D-C	Farm_7	2	3	100	NA	NA	NA	NA	NA	NA	NA
Norway	coast	7	FHF7-St3-Gr1-A	Farm_7	3	1	200	NA	2.358209	22.30539	9.272549	38.3480826	0.7396075	4.7441776
Norway	coast	7	FHF7-St3-Gr1-B	Farm_7	3	1	200	NA	2.358209	22.30539	9.272549	38.3480826	0.7396075	4.7441776
Norway	coast	7	FHF7-St3-Gr1-C	Farm_7	3	1	200	NA	2.358209	22.30539	9.272549	38.3480826	0.7396075	4.7441776
Norway	coast	7	FHF7-St3-Gr2-A	Farm_7	3	2	200	NA	2.139976	22.690487	8.521667	41.4159292	0.7771571	4.9997167
Norway	coast	7	FHF7-St3-Gr2-B	Farm_7	3	2	200	NA	2.139976	22.690487	8.521667	41.4159292	0.7771571	4.9997167
Norway	coast	7	FHF7-St3-Gr2-C	Farm_7	3	2	200	NA	2.139976	22.690487	8.521667	41.4159292	0.7771571	4.9997167
Norway	coast	7	FHF7-St3-Gr3D-A	Farm_7	3	3	200	NA	NA	NA	NA	NA	NA	NA
Norway	coast	7	FHF7-St3-Gr3D-B	Farm_7	3	3	200	NA	NA	NA	NA	NA	NA	NA
Norway	coast	7	FHF7-St3-Gr3D-C	Farm_7	3	3	200	NA	NA	NA	NA	NA	NA	NA
Norway	coast	7	FHF7-St4-Gr1-A	Farm_7	4	1	770	181	2.255859	23.476779	9.621132	36.7292225	0.7663911	4.796486
Norway	coast	7	FHF7-St4-Gr1-B	Farm_7	4	1	770	181	2.255859	23.476779	9.621132	36.7292225	0.7663911	4.796486
Norway	coast	7	FHF7-St4-Gr1-C	Farm_7	4	1	770	181	2.255859	23.476779	9.621132	36.7292225	0.7663911	4.796486
Norway	coast	7	FHF7-St4-Gr2-A	Farm_7	4	2	770	181	2.458716	23.628392	9.107333	38.5542169	0.7533043	4.892262
Norway	coast	7	FHF7-St4-Gr2-B	Farm_7	4	2	770	181	2.458716	23.628392	9.107333	38.5542169	0.7533043	4.892262
Norway	coast	7	FHF7-St4-Gr2-C	Farm_7	4	2	770	181	2.458716	23.628392	9.107333	38.5542169	0.7533043	4.892262
Norway	coast	7	FHF7-St4-Gr3D-A	Farm_7	4	3	770	181	NA	NA	NA	NA	NA	NA
Norway	coast	7	FHF7-St4-Gr3D-B	Farm_7	4	3	770	181	NA	NA	NA	NA	NA	NA
Norway	coast	7	FHF7-St4-Gr3D-C	Farm_7	4	3	770	181	NA	NA	NA	NA	NA	NA
Norway	coast	7	FHF7-St5-Gr1-A	Farm_7	5	1	1100	196	2.568452	22.127755	9.414894	37.2839506	0.7335444	4.4281801
Norway	coast	7	FHF7-St5-Gr1-B	Farm_7	5	1	1100	196	2.568452	22.127755	9.414894	37.2839506	0.7335444	4.4281801
Norway	coast	7	FHF7-St5-Gr1-C	Farm_7	5	1	1100	196	2.568452	22.127755	9.414894	37.2839506	0.7335444	4.4281801
Norway	coast	7	FHF7-St5-Gr2-A	Farm_7	5	2	1100	196	2.452116	22.518608	9.4125	28.8240495	0.7267092	3.8850796
Norway	coast	7	FHF7-St5-Gr2-B	Farm_7	5	2	1100	196	2.452116	22.518608	9.4125	28.8240495	0.7267092	3.8850796
Norway	coast	7	FHF7-St5-Gr2-C	Farm_7	5	2	1100	196	2.452116	22.518608	9.4125	28.8240495	0.7267092	3.8850796
Norway	coast	7	FHF7-St5-Gr3D-A	Farm_7	5	3	1100	196	NA	NA	NA	NA	NA	NA
Norway	coast	7	FHF7-St5-Gr3D-B	Farm_7	5	3	1100	196	NA	NA	NA	NA	NA	NA
Norway	coast	7	FHF7-St5-Gr3D-C	Farm_7	5	3	1100	196	NA	NA	NA	NA	NA	NA
Norway	coast	8	FHF8-St1-Gr1-A	Farm_8	1	1	0	148	5.857542	7.628212	5.42	0.4016064	0.1948572	0.4248835
Norway	coast	8	FHF8-St1-Gr1-B	Farm_8	1	1	0	148	5.857542	7.628212	5.42	0.4016064	0.1948572	0.4248835
Norway	coast	8	FHF8-St1-Gr1-C	Farm_8	1	1	0	148	5.857542	7.628212	5.42	0.4016064	0.1948572	0.4248835
Norway	coast	8	FHF8-St1-Gr2-A	Farm_8	1	2	0	148	5.751412	8.154283	5.6	0.2956393	0.2681697	0.6948348
Norway	coast	8	FHF8-St1-Gr2-B	Farm_8	1	2	0	148	5.751412	8.154283	5.6	0.2956393	0.2681697	0.6948348
Norway	coast	8	FHF8-St1-Gr2-C	Farm_8	1	2	0	148	5.751412	8.154283	5.6	0.2956393	0.2681697	0.6948348
Norway	coast	8	FHF8-St2-Gr1-A	Farm_8	2	1	29	153	4.164753	17.037632	7.952778	37.3015873	0.5683004	2.8800052
Norway	coast	8	FHF8-St2-Gr1-B	Farm_8	2	1	29	153	4.164753	17.037632	7.952778	37.3015873	0.5683004	2.8800052
Norway	coast	8	FHF8-St2-Gr1-C	Farm_8	2	1	29	153	4.164753	17.037632	7.952778	37.3015873	0.5683004	2.8800052
Norway	coast	8	FHF8-St2-Gr2-A	Farm_8	2	2	29	153	5.123832	11.994841	6.707692	3.7166086	0.3950645	1.7736798
Norway	coast	8	FHF8-St2-Gr2-B	Farm_8	2	2	29	153	5.123832	11.994841	6.707692	3.7166086	0.3950645	1.7736798
Norway	coast	8	FHF8-St2-Gr2-C	Farm_8	2	2	29	153	5.123832	11.994841	6.707692	3.7166086	0.3950645	1.7736798
Norway	coast	8	FHF8-St3-Gr1-A	Farm_8	3	1	120	162	3.130081	19.196076	7.816562	68.3060109	0.6605194	4.0417289
Norway	coast	8	FHF8-St3-Gr1-B	Farm_8	3	1	120	162	3.130081	19.196076	7.816562	68.3060109	0.6605194	4.0417289
Norway	coast	8	FHF8-St3-Gr1-C	Farm_8	3	1	120	162	3.130081	19.196076	7.816562	68.3060109	0.6605194	4.0417289
Norway	coast	8	FHF8-St3-Gr2-A	Farm_8	3	2	120	162	3.349451	18.718516	7.823462	67.9389313	0.6200482	3.6547737
Norway	coast	8	FHF8-St3-Gr2-B	Farm_8	3	2	120	162	3.349451	18.718516	7.823462	67.9389313	0.6200482	3.6547737
Norway	coast	8	FHF8-St3-Gr2-C	Farm_8	3	2	120	162	3.349451	18.718516	7.823462	67.9389313	0.6200482	3.6547737
Norway	coast	8	FHF8-St4-Gr1-A	Farm_8	4	1	250	167	3.481818	17.414867	7.298947	64.3410853	0.6100845	3.0939439
Norway	coast	8	FHF8-St4-Gr1-B	Farm_8	4	1	250	167	3.481818	17.414867	7.298947	64.3410853	0.6100845	3.0939439
Norway	coast	8	FHF8-St4-Gr1-C	Farm_8	4	1	250	167	3.481818	17.414867	7.298947	64.3410853	0.6100845	3.0939439
Norway	coast	8	FHF8-St4-Gr2-A	Farm_8	4	2	250	167	3.783186	18.236977	7.342857	63.172043	0.5746798	2.9983279
Norway	coast	8	FHF8-St4-Gr2-B	Farm_8	4	2	250	167	3.783186	18.236977	7.342857	63.172043	0.5746798	2.9983279
Norway	coast	8	FHF8-St4-Gr2-C	Farm_8	4	2	250	167	3.783186	18.236977	7.342857	63.172043	0.5746798	2.9983279
Norway	coast	8	FHF8-St6-Gr1-A	Farm_8	6	1	400	180	3.83871	18.66682	7.167273	64.8401826	0.5867252	2.8785941
Norway	coast	8	FHF8-St6-Gr1-B	Farm_8	6	1	400	180	3.83871	18.66682	7.167273	64.8401826	0.5867252	2.8785941
Norway	coast	8	FHF8-St6-Gr1-C	Farm_8	6	1	400	180	3.83871	18.66682	7.167273	64.8401826	0.5867252	2.8785941
Norway	coast	8	FHF8-St6-Gr2-A	Farm_8	6	2	400	180	3.278761	18.526442	7.431875	65.0793651	0.6225969	3.5471523
Norway	coast	8	FHF8-St6-Gr2-B	Farm_8	6	2	400	180	3.278761	18.526442	7.431875	65.0793651	0.6225969	3.5471523
Norway	coast	8	FHF8-St6-Gr2-C	Farm_8	6	2	400	180	3.278761	18.526442	7.431875	65.0793651	0.6225969	3.5471523
Norway	coast	8	FHF8-St5-Gr1-A	Farm_8	5	1	650	168	3.549738	18.676705	6.719474	65.3968254	0.6007606	3.2705717
Norway	coast	8	FHF8-St5-Gr1-B	Farm_8	5	1	650	168	3.549738	18.676705	6.719474	65.3968254	0.6007606	3.2705717
Norway	coast	8	FHF8-St5-Gr1-C	Farm_8	5	1	650	168	3.549738	18.676705	6.719474	65.3968254	0.6007606	3.2705717
Norway	coast	8	FHF8-St5-Gr2-A	Farm_8	5	2	650	168	3.154206	17.945778	6.797857	65.9090909	0.6284763	3.4810076
Norway	coast	8	FHF8-St5-Gr2-B	Farm_8	5	2	650	168	3.154206	17.945778	6.797857	65.9090909	0.6284763	3.4810076
Norway	coast	8	FHF8-St5-Gr2-C	Farm_8	5	2	650	168	3.154206	17.945778	6.797857	65.9090909	0.6284763	3.4810076
Norway	coast	9	FHF9-St2-Gr1-A	Farm_9	2	1	30	104	4.042347	13.675029	6.420833	3.6691818	0.5455173	2.4227939
Norway	coast	9	FHF9-St2-Gr1-B	Farm_9	2	1	30	104	4.042347	13.675029	6.420833	3.6691818	0.5455173	2.4227939
Norway	coast	9	FHF9-St2-Gr1-C	Farm_9	2	1	30	104	4.042347	13.675029	6.420833	3.6691818	0.5455173	2.4227939
Norway	coast	9	FHF9-St2-Gr2-A	Farm_9	2	2	30	104	3.930693	14.290781	5.896296	5.9198543	0.5475667	2.7185903
Norway	coast	9	FHF9-St2-Gr2-B	Farm_9	2	2	30	104	3.930693	14.290781	5.896296	5.9198543	0.5475667	2.7185903
Norway	coast	9	FHF9-St2-Gr2-C	Farm_9	2	2	30	104	3.930693	14.290781	5.896296	5.9198543	0.5475667	2.7185903
Norway	coast	9	FHF9-St1-Gr1-A	Farm_9	1	1	0	104	5.902855	7.140167	5.9325	0.6411611	0.2933688	0.4442435
Norway	coast	9	FHF9-St1-Gr1-B	Farm_9	1	1	0	104	5.902855	7.140167	5.9325	0.6411611	0.2933688	0.4442435
Norway	coast	9	FHF9-St1-Gr1-C	Farm_9	1	1	0	104	5.902855	7.140167	5.9325	0.6411611	0.2933688	0.4442435
Norway	coast	9	FHF9-St1-Gr2-A	Farm_9	1	2	0	104	5.939938	7.050275	4.938889	0.6113003	0.2934428	0.2613117
Norway	coast	9	FHF9-St1-Gr2-B	Farm_9	1	2	0	104	5.939938	7.050275	4.938889	0.6113003	0.2934428	0.2613117
Norway	coast	9	FHF9-St1-Gr2-C	Farm_9	1	2	0	104	5.939938	7.050275	4.938889	0.6113003	0.2934428	0.2613117
Norway	coast	9	FHF9-St3-Gr1-A	Farm_9	3	1	99	108	5.305772	9.534887	7.6175	2.8207271	0.4463193	1.1783525
Norway	coast	9	FHF9-St3-Gr1-B	Farm_9	3	1	99	108	5.305772	9.534887	7.6175	2.8207271	0.4463193	1.1783525
Norway	coast	9	FHF9-St3-Gr1-C	Farm_9	3	1	99	108	5.305772	9.534887	7.6175	2.8207271	0.4463193	1.1783525
Norway	coast	9	FHF9-St3-Gr2-A	Farm_9	3	2	99	108	5.76898	7.222968	7.594444	1.8259837	0.3866334	0.5441313
Norway	coast	9	FHF9-St3-Gr2-B	Farm_9	3	2	99	108	5.76898	7.222968	7.594444	1.8259837	0.3866334	0.5441313
Norway	coast	9	FHF9-St3-Gr2-C	Farm_9	3	2	99	108	5.76898	7.222968	7.594444	1.8259837	0.3866334	0.5441313
Norway	coast	9	FHF9-St4-Gr1-A	Farm_9	4	1	290	108	3.390476	18.598967	8.74881	56.6433566	0.6496274	3.7405912
Norway	coast	9	FHF9-St4-Gr1-B	Farm_9	4	1	290	108	3.390476	18.598967	8.74881	56.6433566	0.6496274	3.7405912
Norway	coast	9	FHF9-St4-Gr1-C	Farm_9	4	1	290	108	3.390476	18.598967	8.74881	56.6433566	0.6496274	3.7405912
Norway	coast	9	FHF9-St4-Gr2-A	Farm_9	4	2	290	108	3.489914	19.026474	8.425455	62.6153229	0.648898	3.5162875
Norway	coast	9	FHF9-St4-Gr2-B	Farm_9	4	2	290	108	3.489914	19.026474	8.425455	62.6153229	0.648898	3.5162875
Norway	coast	9	FHF9-St4-Gr2-C	Farm_9	4	2	290	108	3.489914	19.026474	8.425455	62.6153229	0.648898	3.5162875
Norway	coast	9	FHF9-St5-Gr1-A	Farm_9	5	1	260	90	2.815415	18.918638	7.53	33.2740214	0.6862062	4.130803
Norway	coast	9	FHF9-St5-Gr1-B	Farm_9	5	1	260	90	2.815415	18.918638	7.53	33.2740214	0.6862062	4.130803
Norway	coast	9	FHF9-St5-Gr1-C	Farm_9	5	1	260	90	2.815415	18.918638	7.53	33.2740214	0.6862062	4.130803
Norway	coast	9	FHF9-St5-Gr2-A	Farm_9	5	2	260	90	2.680576	18.510835	7.270571	30.7801418	0.6951365	4.0000006
Norway	coast	9	FHF9-St5-Gr2-B	Farm_9	5	2	260	90	2.680576	18.510835	7.270571	30.7801418	0.6951365	4.0000006
Norway	coast	9	FHF9-St5-Gr2-C	Farm_9	5	2	260	90	2.680576	18.510835	7.270571	30.7801418	0.6951365	4.0000006
Norway	coast	9	FHF9-St6-Gr1-A	Farm_9	6	1	500	120	2.840237	19.851189	8.253922	64.2907058	0.7151525	4.41218
Norway	coast	9	FHF9-St6-Gr1-B	Farm_9	6	1	500	120	2.840237	19.851189	8.253922	64.2907058	0.7151525	4.41218
Norway	coast	9	FHF9-St6-Gr1-C	Farm_9	6	1	500	120	2.840237	19.851189	8.253922	64.2907058	0.7151525	4.41218
Norway	coast	9	FHF9-St6-Gr2-A	Farm_9	6	2	500	120	2.630068	20.215941	8.0275	46.9740634	0.7190082	4.6011462
Norway	coast	9	FHF9-St6-Gr2-B	Farm_9	6	2	500	120	2.630068	20.215941	8.0275	46.9740634	0.7190082	4.6011462
Norway	coast	9	FHF9-St6-Gr2-C	Farm_9	6	2	500	120	2.630068	20.215941	8.0275	46.9740634	0.7190082	4.6011462
Norway	coast	10	FHF10-St1-Gr2-A	Farm_10	1	2	0	128	4.069767	15.399018	8.403947	13.1725417	0.5845979	3.3978933
Norway	coast	10	FHF10-St1-Gr2-B	Farm_10	1	2	0	128	4.069767	15.399018	8.403947	13.1725417	0.5845979	3.3978933
Norway	coast	10	FHF10-St1-Gr2-C	Farm_10	1	2	0	128	4.069767	15.399018	8.403947	13.1725417	0.5845979	3.3978933
Norway	coast	10	FHF10-St1-Gr3-A	Farm_10	1	3	0	128	5.227838	10.740294	8.214118	3.1531532	0.4433927	1.8059123
Norway	coast	10	FHF10-St1-Gr3-B	Farm_10	1	3	0	128	5.227838	10.740294	8.214118	3.1531532	0.4433927	1.8059123
Norway	coast	10	FHF10-St1-Gr3-C	Farm_10	1	3	0	128	5.227838	10.740294	8.214118	3.1531532	0.4433927	1.8059123
Norway	coast	10	FHF10-St2-Gr1-A	Farm_10	2	1	34	129	2.901709	18.577611	8.141212	28.4722222	0.6959227	4.1180909
Norway	coast	10	FHF10-St2-Gr1-B	Farm_10	2	1	34	129	2.901709	18.577611	8.141212	28.4722222	0.6959227	4.1180909
Norway	coast	10	FHF10-St2-Gr1-C	Farm_10	2	1	34	129	2.901709	18.577611	8.141212	28.4722222	0.6959227	4.1180909
Norway	coast	10	FHF10-St2-Gr2-A	Farm_10	2	2	34	129	2.759003	19.606187	6.130476	50.4464286	0.674577	4.6013337
Norway	coast	10	FHF10-St2-Gr2-B	Farm_10	2	2	34	129	2.759003	19.606187	6.130476	50.4464286	0.674577	4.6013337
Norway	coast	10	FHF10-St2-Gr2-C	Farm_10	2	2	34	129	2.759003	19.606187	6.130476	50.4464286	0.674577	4.6013337
Norway	coast	10	FHF10-St3-Gr1-A	Farm_10	3	1	100	132	3.235772	17.292619	7.397	50.7936508	0.6664312	3.8103252
Norway	coast	10	FHF10-St3-Gr1-B	Farm_10	3	1	100	132	3.235772	17.292619	7.397	50.7936508	0.6664312	3.8103252
Norway	coast	10	FHF10-St3-Gr1-C	Farm_10	3	1	100	132	3.235772	17.292619	7.397	50.7936508	0.6664312	3.8103252
Norway	coast	10	FHF10-St3-Gr2-A	Farm_10	3	2	100	132	2.760937	19.480569	7.175556	33.9774557	0.7031917	4.3312664
Norway	coast	10	FHF10-St3-Gr2-B	Farm_10	3	2	100	132	2.760937	19.480569	7.175556	33.9774557	0.7031917	4.3312664
Norway	coast	10	FHF10-St3-Gr2-C	Farm_10	3	2	100	132	2.760937	19.480569	7.175556	33.9774557	0.7031917	4.3312664
Norway	coast	10	FHF10-St4-Gr1-A	Farm_10	4	1	200	134	2.34854	21.823385	8.168974	51.754386	0.7750695	5.2080005
Norway	coast	10	FHF10-St4-Gr1-B	Farm_10	4	1	200	134	2.34854	21.823385	8.168974	51.754386	0.7750695	5.2080005
Norway	coast	10	FHF10-St4-Gr1-C	Farm_10	4	1	200	134	2.34854	21.823385	8.168974	51.754386	0.7750695	5.2080005
Norway	coast	10	FHF10-St4-Gr2-A	Farm_10	4	2	200	134	1.901786	21.512036	7.774545	57.3684211	0.75051	4.9551413
Norway	coast	10	FHF10-St4-Gr2-B	Farm_10	4	2	200	134	1.901786	21.512036	7.774545	57.3684211	0.75051	4.9551413
Norway	coast	10	FHF10-St4-Gr2-C	Farm_10	4	2	200	134	1.901786	21.512036	7.774545	57.3684211	0.75051	4.9551413
Norway	coast	10	FHF10-St5-Gr1-A	Farm_10	5	1	290	132	2.28534	21.759364	8.553023	43.6090226	0.794993	5.3759861
Norway	coast	10	FHF10-St5-Gr1-B	Farm_10	5	1	290	132	2.28534	21.759364	8.553023	43.6090226	0.794993	5.3759861
Norway	coast	10	FHF10-St5-Gr1-C	Farm_10	5	1	290	132	2.28534	21.759364	8.553023	43.6090226	0.794993	5.3759861
Norway	coast	10	FHF10-St5-Gr2-A	Farm_10	5	2	290	132	2.226852	21.457442	8.894286	51.5503876	0.7639096	4.5162662
Norway	coast	10	FHF10-St5-Gr2-B	Farm_10	5	2	290	132	2.226852	21.457442	8.894286	51.5503876	0.7639096	4.5162662
Norway	coast	10	FHF10-St5-Gr2-C	Farm_10	5	2	290	132	2.226852	21.457442	8.894286	51.5503876	0.7639096	4.5162662
Norway	coast	10	FHF10-St5-Gr3-A	Farm_10	5	3	290	132	NA	NA	NA	NA	NA	NA
Norway	coast	10	FHF10-St5-Gr3-B	Farm_10	5	3	290	132	NA	NA	NA	NA	NA	NA
Norway	coast	10	FHF10-St6-Gr1-A	Farm_10	6	1	500	121	2.116071	23.742208	10.1388	74.3670886	0.7296162	4.4854607
Norway	coast	10	FHF10-St6-Gr1-B	Farm_10	6	1	500	121	2.116071	23.742208	10.1388	74.3670886	0.7296162	4.4854607
Norway	coast	10	FHF10-St6-Gr1-C	Farm_10	6	1	500	121	2.116071	23.742208	10.1388	74.3670886	0.7296162	4.4854607
Norway	coast	10	FHF10-St6-Gr2-A	Farm_10	6	2	500	121	1.729839	24.47234	9.738	73.5330836	0.8406726	5.5880911
Norway	coast	10	FHF10-St6-Gr2-B	Farm_10	6	2	500	121	1.729839	24.47234	9.738	73.5330836	0.8406726	5.5880911
Norway	coast	11	FHF11-St1-Gr1-A	Farm_11	1	1	0	135	4.556701	13.734862	3.806667	7.1428571	0.3432785	0.3724689
Norway	coast	11	FHF11-St1-Gr1-B	Farm_11	1	1	0	135	4.556701	13.734862	3.806667	7.1428571	0.3432785	0.3724689
Norway	coast	11	FHF11-St1-Gr1-C	Farm_11	1	1	0	135	4.556701	13.734862	3.806667	7.1428571	0.3432785	0.3724689
Norway	coast	11	FHF11-St1-Gr2-A	Farm_11	1	2	0	135	4.510084	14.001788	4.54	6.6666667	0.3151283	0.1488688
Norway	coast	11	FHF11-St1-Gr2-B	Farm_11	1	2	0	135	4.510084	14.001788	4.54	6.6666667	0.3151283	0.1488688
Norway	coast	11	FHF11-St1-Gr2-C	Farm_11	1	2	0	135	4.510084	14.001788	4.54	6.6666667	0.3151283	0.1488688
Norway	coast	11	FHF11-St2-Gr1-A	Farm_11	2	1	67	150	5.761905	7.987777	6.355556	1.0195589	0.3238672	0.7306202
Norway	coast	11	FHF11-St2-Gr1-B	Farm_11	2	1	67	150	5.761905	7.987777	6.355556	1.0195589	0.3238672	0.7306202
Norway	coast	11	FHF11-St2-Gr1-C	Farm_11	2	1	67	150	5.761905	7.987777	6.355556	1.0195589	0.3238672	0.7306202
Norway	coast	11	FHF11-St2-Gr2-A	Farm_11	2	2	67	150	5.790041	7.808947	5.793333	1.2518055	0.3317402	0.5914807
Norway	coast	11	FHF11-St2-Gr2-B	Farm_11	2	2	67	150	5.790041	7.808947	5.793333	1.2518055	0.3317402	0.5914807
Norway	coast	11	FHF11-St2-Gr2-C	Farm_11	2	2	67	150	5.790041	7.808947	5.793333	1.2518055	0.3317402	0.5914807
Norway	coast	11	FHF11-St3-Gr1-A	Farm_11	3	1	100	171	4.208117	13.530906	7.896316	14.4402197	0.5362388	2.0646171
Norway	coast	11	FHF11-St3-Gr1-B	Farm_11	3	1	100	171	4.208117	13.530906	7.896316	14.4402197	0.5362388	2.0646171
Norway	coast	11	FHF11-St3-Gr1-C	Farm_11	3	1	100	171	4.208117	13.530906	7.896316	14.4402197	0.5362388	2.0646171
Norway	coast	11	FHF11-St3-Gr2-A	Farm_11	3	2	100	171	3.616364	15.476038	6.893333	20.2738811	0.5300445	2.204777
Norway	coast	11	FHF11-St3-Gr2-B	Farm_11	3	2	100	171	3.616364	15.476038	6.893333	20.2738811	0.5300445	2.204777
Norway	coast	11	FHF11-St3-Gr2-C	Farm_11	3	2	100	171	3.616364	15.476038	6.893333	20.2738811	0.5300445	2.204777
Norway	coast	11	FHF11-St4-Gr1-A	Farm_11	4	1	590	228	3.684917	19.408571	9.589677	56.1497326	0.6022122	2.8396636
Norway	coast	11	FHF11-St4-Gr1-B	Farm_11	4	1	590	228	3.684917	19.408571	9.589677	56.1497326	0.6022122	2.8396636
Norway	coast	11	FHF11-St4-Gr1-C	Farm_11	4	1	590	228	3.684917	19.408571	9.589677	56.1497326	0.6022122	2.8396636
Norway	coast	11	FHF11-St4-Gr2-A	Farm_11	4	2	590	228	3.579439	20.033987	8.5036	55.2552553	0.6072988	3.1569265
Norway	coast	11	FHF11-St4-Gr2-B	Farm_11	4	2	590	228	3.579439	20.033987	8.5036	55.2552553	0.6072988	3.1569265
Norway	coast	11	FHF11-St4-Gr2-C	Farm_11	4	2	590	228	3.579439	20.033987	8.5036	55.2552553	0.6072988	3.1569265
Norway	coast	11	FHF11-St5-Gr1-A	Farm_11	5	1	980	266	3.1875	20.665598	8.7724	42.1296296	0.6397332	3.1634241
Norway	coast	11	FHF11-St5-Gr1-B	Farm_11	5	1	980	266	3.1875	20.665598	8.7724	42.1296296	0.6397332	3.1634241
Norway	coast	11	FHF11-St5-Gr1-C	Farm_11	5	1	980	266	3.1875	20.665598	8.7724	42.1296296	0.6397332	3.1634241
Norway	coast	11	FHF11-St5-Gr2-A	Farm_11	5	2	980	266	3.511561	20.092342	7.946471	37.1069182	0.5974898	3.0041984
Norway	coast	11	FHF11-St5-Gr2-B	Farm_11	5	2	980	266	3.511561	20.092342	7.946471	37.1069182	0.5974898	3.0041984
Norway	coast	11	FHF11-St5-Gr2-C	Farm_11	5	2	980	266	3.511561	20.092342	7.946471	37.1069182	0.5974898	3.0041984
Norway	south	12	FHF12-St1-Gr1-A	Farm_12	1	1	25	150	5.708955	8.03041	4.096	0.1253133	0.281408	0.9723245
Norway	south	12	FHF12-St1-Gr1-B	Farm_12	1	1	25	150	5.708955	8.03041	4.096	0.1253133	0.281408	0.9723245
Norway	south	12	FHF12-St1-Gr2-A	Farm_12	1	2	25	150	5.451574	8.517022	5.381429	0.2617801	0.3088818	1.5579858
Norway	south	12	FHF12-St1-Gr2-B	Farm_12	1	2	25	150	5.451574	8.517022	5.381429	0.2617801	0.3088818	1.5579858
Norway	south	12	FHF12-St4-Gr1-A	Farm_12	4	1	305	190	3.272201	20.738277	7.801463	20.0092851	0.63228	2.9279315
Norway	south	12	FHF12-St4-Gr1-B	Farm_12	4	1	305	190	3.272201	20.738277	7.801463	20.0092851	0.63228	2.9279315
Norway	south	12	FHF12-St4-Gr2-A	Farm_12	4	2	305	190	3.180203	20.964603	8.934889	38.3913765	0.6660494	3.7209309
Norway	south	12	FHF12-St4-Gr2-B	Farm_12	4	2	305	190	3.180203	20.964603	8.934889	38.3913765	0.6660494	3.7209309
Norway	south	12	FHF12-St3-Gr1-A	Farm_12	3	1	105	158	3.17029	20.287775	8.257667	34.9940688	0.6327321	3.6626946
Norway	south	12	FHF12-St3-Gr2-A	Farm_12	3	2	105	158	3.062292	20.714538	8.193529	36.9158879	0.6460923	3.8002337
Norway	south	12	FHF12-St3-Gr2-B	Farm_12	3	2	105	158	3.062292	20.714538	8.193529	36.9158879	0.6460923	3.8002337
Norway	south	12	FHF12-St2-Gr1-A	Farm_12	2	1	440	155	3.604712	22.09555	7.976207	55.8974359	0.6188938	3.3700793
Norway	south	12	FHF12-St2-Gr1-B	Farm_12	2	1	440	155	3.604712	22.09555	7.976207	55.8974359	0.6188938	3.3700793
Norway	south	12	FHF12-St2-Gr2-A	Farm_12	2	2	440	155	3.893198	19.687639	8.536429	43.2730924	0.5620513	2.6591379
Norway	south	12	FHF12-St2-Gr2-B	Farm_12	2	2	440	155	3.893198	19.687639	8.536429	43.2730924	0.5620513	2.6591379
Norway	south	12	FHF12-St5-Gr1-A	Farm_12	5	1	950	155	3.538591	20.944735	8.418667	39.9437412	0.6018294	3.3614889
Norway	south	12	FHF12-St5-Gr1-B	Farm_12	5	1	950	155	3.538591	20.944735	8.418667	39.9437412	0.6018294	3.3614889
Norway	south	12	FHF12-St5-Gr2-A	Farm_12	5	2	950	155	3.24937	19.131622	8.512424	55.9440559	0.6446783	3.6351149
Norway	south	12	FHF12-St5-Gr2-B	Farm_12	5	2	950	155	3.24937	19.131622	8.512424	55.9440559	0.6446783	3.6351149
Norway	south	13	FHF13-St1-Gr1-A	Farm_13	1	1	25	120	6	4.68	2.34	0	0.07142857	0
Norway	south	13	FHF13-St1-Gr1-B	Farm_13	1	1	25	120	6	4.68	2.34	0	0.07142857	0
Norway	south	13	FHF13-St1-Gr2-A	Farm_13	1	2	25	120	6	4.68	2.34	0	0.07142857	0
Norway	south	13	FHF13-St1-Gr2-B	Farm_13	1	2	25	120	6	4.68	2.34	0	0.07142857	0
Norway	south	13	FHF13-St3-Gr1-A	Farm_13	3	1	185	135	NA	NA	NA	NA	NA	NA
Norway	south	13	FHF13-St3-Gr1-B	Farm_13	3	1	185	135	NA	NA	NA	NA	NA	NA
Norway	south	13	FHF13-St3-Gr2-A	Farm_13	3	2	185	135	NA	NA	NA	NA	NA	NA
Norway	south	13	FHF13-St3-Gr2-B	Farm_13	3	2	185	135	NA	NA	NA	NA	NA	NA
Norway	south	13	FHF13-St4-Gr1-A	Farm_13	4	1	301	132	NA	NA	NA	NA	NA	NA
Norway	south	13	FHF13-St4-Gr1-B	Farm_13	4	1	301	132	NA	NA	NA	NA	NA	NA
Norway	south	13	FHF13-St4-Gr2-A	Farm_13	4	2	301	132	3	18.825	6.58	30	0.612	1
Norway	south	13	FHF13-St4-Gr2-B	Farm_13	4	2	301	132	3	18.825	6.58	30	0.612	1
Norway	south	13	FHF13-St5-Gr1-A	Farm_13	5	1	314	124	2.25	14.11	7.5	25	0.612	1
Norway	south	13	FHF13-St5-Gr1-B	Farm_13	5	1	314	124	2.25	14.11	7.5	25	0.612	1
Norway	south	13	FHF13-St5-Gr2-A	Farm_13	5	2	314	124	NA	NA	NA	NA	NA	NA
Norway	coast	14	LyngC1H1-R1	Farm_14	1	1		254	1.514252	24.413128	10.969444	31.8318318	0.8415977	5.1033148
Norway	coast	14	LyngC1H1-R2	Farm_14	1	1		254	1.514252	24.413128	10.969444	31.8318318	0.8415977	5.1033148
Norway	coast	14	LyngC1H1-R3	Farm_14	1	1		254	1.514252	24.413128	10.969444	31.8318318	0.8415977	5.1033148
Norway	coast	14	LyngC1H2-G1	Farm_14	1	2		254	1.87732	24.287878	10.030847	25.6921373	0.809568	4.6572724
Norway	coast	14	LyngC1H2-G2	Farm_14	1	2		254	1.87732	24.287878	10.030847	25.6921373	0.809568	4.6572724
Norway	coast	14	LyngC1H2-G3	Farm_14	1	2		254	1.87732	24.287878	10.030847	25.6921373	0.809568	4.6572724
Norway	coast	14	LyngC2REF-G1	Farm_14	2	1		308	1.758495	23.884754	10.584	20.746888	0.8060639	4.3532547
Norway	coast	14	LyngC2REF-G2	Farm_14	2	1		308	1.758495	23.884754	10.584	20.746888	0.8060639	4.3532547
Norway	coast	14	LyngC3H1-G1	Farm_14	3	1		285	2.335329	22.735	10.566538	15.3777778	0.7596326	3.5212416
Norway	coast	14	LyngC3H1-G2	Farm_14	3	1		285	2.335329	22.735	10.566538	15.3777778	0.7596326	3.5212416
Norway	coast	14	LyngC3H1-G3	Farm_14	3	1		285	2.335329	22.735	10.566538	15.3777778	0.7596326	3.5212416
Norway	coast	14	LyngC3H2-G2	Farm_14	3	2		285	1.672862	24.324815	10.942941	35.2941176	0.8243506	4.9319467
Norway	coast	14	LyngC3H2-G3	Farm_14	3	2		285	1.672862	24.324815	10.942941	35.2941176	0.8243506	4.9319467
Norway	coast	14	LyngC3H2-G4	Farm_14	3	2		285	1.672862	24.324815	10.942941	35.2941176	0.8243506	4.9319467
Norway	coast	14	LyngC4H1-G1	Farm_14	4	1		348	1.991304	23.618994	10.090233	25.7092199	0.7870235	4.5840173
Norway	coast	14	LyngC4H1-G2	Farm_14	4	1		348	1.991304	23.618994	10.090233	25.7092199	0.7870235	4.5840173
Norway	coast	14	LyngC4H1-G3	Farm_14	4	1		348	1.991304	23.618994	10.090233	25.7092199	0.7870235	4.5840173
Norway	coast	14	LyngC4H2-G1	Farm_14	4	2		348	2.031888	23.240942	10.398571	14.0921409	0.7863025	4.0681806
Norway	coast	14	LyngC4H2-G2	Farm_14	4	2		348	2.031888	23.240942	10.398571	14.0921409	0.7863025	4.0681806
Norway	coast	14	LyngC4H2-G3	Farm_14	4	2		348	2.031888	23.240942	10.398571	14.0921409	0.7863025	4.0681806
Norway	south	16	FHF14-St3-Gr1-A	Farm_16	3	1	257	147	4.411765	12.55859	6.934483	23.7037037	0.5172739	2.7332028
Norway	south	16	FHF14-St3-Gr1-B	Farm_16	3	1	257	147	4.411765	12.55859	6.934483	23.7037037	0.5172739	2.7332028
Norway	south	16	FHF14-St3-Gr2-A	Farm_16	3	2	257	147	4.471242	11.974892	6.205	11.8296955	0.4700303	2.6626594
Norway	south	16	FHF14-St3-Gr2-B	Farm_16	3	2	257	147	4.471242	11.974892	6.205	11.8296955	0.4700303	2.6626594
Norway	south	16	FHF14-St1-Gr1-A	Farm_16	1	1	25	100	5.977914	5.264012	4.314	0.2047502	0.2463257	0.8350338
Norway	south	16	FHF14-St1-Gr1-B	Farm_16	1	1	25	100	5.977914	5.264012	4.314	0.2047502	0.2463257	0.8350338
Norway	south	16	FHF14-St1-Gr2-A	Farm_16	1	2	25	100	6	5.409194	1.96	0	0.1388448	0.9011345
Norway	south	16	FHF14-St1-Gr2-B	Farm_16	1	2	25	100	6	5.409194	1.96	0	0.1388448	0.9011345
Norway	south	16	FHF14-St4-Gr1-A	Farm_16	4	1	250	100	5.733651	20.046309	6.390556	1.6049933	0.3810109	0.6232427
Norway	south	16	FHF14-St4-Gr1-B	Farm_16	4	1	250	100	5.733651	20.046309	6.390556	1.6049933	0.3810109	0.6232427
Norway	south	16	FHF14-St4-Gr2-A	Farm_16	4	2	250	100	5.612763	14.363091	5.793158	1.9622737	0.3865774	1.0448111
Norway	south	16	FHF14-St4-Gr2-B	Farm_16	4	2	250	100	5.612763	14.363091	5.793158	1.9622737	0.3865774	1.0448111
Norway	south	16	FHF14-St2-Gr1-A	Farm_16	2	1	400	144	2.669903	20.530725	8.388293	37.254902	0.699439	3.9490449
Norway	south	16	FHF14-St2-Gr1-B	Farm_16	2	1	400	144	2.669903	20.530725	8.388293	37.254902	0.699439	3.9490449
Norway	south	16	FHF14-St2-Gr2-A	Farm_16	2	2	400	144	2.622581	21.24756	8.281321	25.0809061	0.7222856	3.7763683
Norway	south	16	FHF14-St2-Gr2-B	Farm_16	2	2	400	144	2.622581	21.24756	8.281321	25.0809061	0.7222856	3.7763683
Norway	south	16	FHF14-St5-Gr1-A	Farm_16	5	1	425	95	5.377415	16.189544	5.316429	2.3218143	0.3972396	1.4755833
Norway	south	16	FHF14-St5-Gr1-B	Farm_16	5	1	425	95	5.377415	16.189544	5.316429	2.3218143	0.3972396	1.4755833
Norway	south	16	FHF14-St5-Gr2-A	Farm_16	5	2	425	95	4.752183	19.681903	6.142941	1.7678148	0.4548041	1.5063368
Norway	south	16	FHF14-St5-Gr2-B	Farm_16	5	2	425	95	4.752183	19.681903	6.142941	1.7678148	0.4548041	1.5063368
Norway	south	17	FHF15-St4-Gr1-A	Farm_17	4	1	100	140	3.285403	16.287661	5.8075	20.2380952	0.5794103	2.9280302
Norway	south	17	FHF15-St4-Gr1-B	Farm_17	4	1	100	140	3.285403	16.287661	5.8075	20.2380952	0.5794103	2.9280302
Norway	south	17	FHF15-St4-Gr2-A	Farm_17	4	2	100	140	2.138298	21.447564	7.837027	45.5040872	0.7140879	3.9075378
Norway	south	17	FHF15-St4-Gr2-B	Farm_17	4	2	100	140	2.138298	21.447564	7.837027	45.5040872	0.7140879	3.9075378
Norway	south	17	FHF15-St1-Gr1-A	Farm_17	1	1	25	111	5.8125	5.796268	5.615	0.7042254	0.284692	0.8020556
Norway	south	17	FHF15-St1-Gr1-B	Farm_17	1	1	25	111	5.8125	5.796268	5.615	0.7042254	0.284692	0.8020556
Norway	south	17	FHF15-St1-Gr2-A	Farm_17	1	2	25	111	5.956522	4.947029	4.786667	0.7246377	0.2297779	0.4098814
Norway	south	17	FHF15-St1-Gr2-B	Farm_17	1	2	25	111	5.956522	4.947029	4.786667	0.7246377	0.2297779	0.4098814
Norway	south	17	FHF15-St3-Gr1-A	Farm_17	3	1	152	123	5.891746	7.378222	5.279091	0.5363368	0.3238079	0.743765
Norway	south	17	FHF15-St3-Gr1-B	Farm_17	3	1	152	123	5.891746	7.378222	5.279091	0.5363368	0.3238079	0.743765
Norway	south	17	FHF15-St3-Gr2-A	Farm_17	3	2	152	123	5.79218	7.930436	6.499167	0.5801906	0.3409151	1.0762211
Norway	south	17	FHF15-St3-Gr2-B	Farm_17	3	2	152	123	5.79218	7.930436	6.499167	0.5801906	0.3409151	1.0762211
Norway	south	17	FHF15-St5-Gr1-A	Farm_17	5	1	233	161	3.119171	19.020366	9.041702	47.2222222	0.6897817	4.1569516
Norway	south	17	FHF15-St5-Gr1-B	Farm_17	5	1	233	161	3.119171	19.020366	9.041702	47.2222222	0.6897817	4.1569516
Norway	south	17	FHF15-St5-Gr2-A	Farm_17	5	2	233	161	2.789958	20.403612	8.503585	40.4079031	0.7225815	4.470823
Norway	south	17	FHF15-St5-Gr2-B	Farm_17	5	2	233	161	2.789958	20.403612	8.503585	40.4079031	0.7225815	4.470823
Norway	south	17	FHF15-St2-Gr1-A	Farm_17	2	1	581	147	2.905263	20.34859	9.443519	34.7712418	0.6946367	3.7014011
Norway	south	17	FHF15-St2-Gr1-B	Farm_17	2	1	581	147	2.905263	20.34859	9.443519	34.7712418	0.6946367	3.7014011
Norway	south	17	FHF15-St2-Gr2-A	Farm_17	2	2	581	147	2.789157	21.003571	9.225172	29.7830375	0.6569362	3.5194583
Norway	south	17	FHF15-St2-Gr2-B	Farm_17	2	2	581	147	2.789157	21.003571	9.225172	29.7830375	0.6569362	3.5194583
Norway	south	17	FHF15-St6-Gr1-A	Farm_17	6	1	1004	130	2.814313	20.903022	8.725957	34.4352617	0.7066555	4.1739264
Norway	south	17	FHF15-St6-Gr1-B	Farm_17	6	1	1004	130	2.814313	20.903022	8.725957	34.4352617	0.7066555	4.1739264
Norway	south	17	FHF15-St6-Gr2-A	Farm_17	6	2	1004	130	2.826087	20.944763	8.900204	38.648948	0.7213368	4.484648
Norway	south	17	FHF15-St6-Gr2-B	Farm_17	6	2	1004	130	2.826087	20.944763	8.900204	38.648948	0.7213368	4.484648
Norway	north	18	FHF16-St3-Gr1-A	Farm_18	3	1	590	94	2.105381	22.452344	8.612558	52.44444444	0.7776524	4.4932787
Norway	north	18	FHF16-St3-Gr1-B	Farm_18	3	1	590	94	2.105381	22.452344	8.612558	52.44444444	0.7776524	4.4932787
Norway	north	18	FHF16-St3-Gr2-A	Farm_18	3	2	590	94	1.980249	23.00053	8.350676	57.74473358	0.7670418	4.3168749
Norway	north	18	FHF16-St3-Gr2-B	Farm_18	3	2	590	94	1.980249	23.00053	8.350676	57.74473358	0.7670418	4.3168749
Norway	north	18	FHF16-St2-Gr1-A	Farm_18	2	1	240	88	5.819258	7.723075	5.922857	0.85733882	0.3042953	0.4265516
Norway	north	18	FHF16-St2-Gr1-B	Farm_18	2	1	240	88	5.819258	7.723075	5.922857	0.85733882	0.3042953	0.4265516
Norway	north	18	FHF16-St2-Gr2-A	Farm_18	2	2	240	88	5.891479	7.426222	5.184286	0.1610306	0.2712258	0.3274582
Norway	north	18	FHF16-St2-Gr2-B	Farm_18	2	2	240	88	5.891479	7.426222	5.184286	0.1610306	0.2712258	0.3274582
Norway	north	18	FHF16-St4-Gr1-A	Farm_18	4	1	49	85	5.986985	7.017462	5.668	0.07230658	0.2266864	0.1010663
Norway	north	18	FHF16-St4-Gr1-B	Farm_18	4	1	49	85	5.986985	7.017462	5.668	0.07230658	0.2266864	0.1010663
Norway	north	18	FHF16-St4-Gr2-A	Farm_18	4	2	49	85	5.973146	7.07468	3.6425	0.08525149	0.2152305	0.1541818
Norway	north	18	FHF16-St4-Gr2-B	Farm_18	4	2	49	85	5.973146	7.07468	3.6425	0.08525149	0.2152305	0.1541818
Norway	north	18	FHF16-St6-Gr1-A	Farm_18	6	1	490	132	2.352809	20.976129	7.585	57.35294118	0.7001271	3.473972
Norway	north	18	FHF16-St6-Gr1-B	Farm_18	6	1	490	132	2.352809	20.976129	7.585	57.35294118	0.7001271	3.473972
Norway	north	18	FHF16-St6-Gr2-A	Farm_18	6	2	490	132	2.137405	21.541683	8.340806	53.33333333	0.7493266	4.1005494
Norway	north	18	FHF16-St6-Gr2-B	Farm_18	6	2	490	132	2.137405	21.541683	8.340806	53.33333333	0.7493266	4.1005494
Norway	north	18	FHF16-St5-Gr1-A	Farm_18	5	1	300	109	5.728972	7.696994	7.255	1.06157113	0.3492762	0.5691213
Norway	north	18	FHF16-St5-Gr1-B	Farm_18	5	1	300	109	5.728972	7.696994	7.255	1.06157113	0.3492762	0.5691213
Norway	north	18	FHF16-St5-Gr2-A	Farm_18	5	2	300	109	5.70354	8.035075	4.33	0.98619329	0.3200766	0.6681188
Norway	north	18	FHF16-St5-Gr2-B	Farm_18	5	2	300	109	5.70354	8.035075	4.33	0.98619329	0.3200766	0.6681188
Norway	north	18	FHF16-St1-Gr1-A	Farm_18	1	1	0	93	5.977612	6.975677	4.44	1.89274448	0.259559	0.8240628
Norway	north	18	FHF16-St1-Gr1-B	Farm_18	1	1	0	93	5.977612	6.975677	4.44	1.89274448	0.259559	0.8240628
Norway	north	18	FHF16-St1-Gr2-A	Farm_18	1	2	0	93	6	6.918393	1.96	0	0.1891465	0.2770822
Norway	north	18	FHF16-St1-Gr2-B	Farm_18	1	2	0	93	6	6.918393	1.96	0	0.1891465	0.2770822
Norway	north	19	FHF17-St5-Gr1-A	Farm_19	5	1	510	131	2.51487	21.415176	8.961923	64.8035915	0.6883242	2.1206289
Norway	north	19	FHF17-St5-Gr1-B	Farm_19	5	1	510	131	2.51487	21.415176	8.961923	64.8035915	0.6883242	2.1206289
Norway	north	19	FHF17-St5-Gr2-A	Farm_19	5	2	510	131	2.380203	21.963908	9.230161	62.9139073	0.7031786	2.4042871
Norway	north	19	FHF17-St5-Gr2-B	Farm_19	5	2	510	131	2.380203	21.963908	9.230161	62.9139073	0.7031786	2.4042871
Norway	north	19	FHF17-St4-Gr1-A	Farm_19	4	1	290	131	2.514296	21.504538	8.775694	63.817402	0.7049597	2.3026786
Norway	north	19	FHF17-St4-Gr1-B	Farm_19	4	1	290	131	2.514296	21.504538	8.775694	63.817402	0.7049597	2.3026786
Norway	north	19	FHF17-St4-Gr2-A	Farm_19	4	2	290	131	2.586011	21.295619	9.398382	65.0167569	0.6904588	2.0442107
Norway	north	19	FHF17-St4-Gr2-B	Farm_19	4	2	290	131	2.586011	21.295619	9.398382	65.0167569	0.6904588	2.0442107
Norway	north	19	FHF17-St3-Gr1-A	Farm_19	3	1	430	125	2.663014	21.253041	9.538714	65.3738418	0.680026	1.6924796
Norway	north	19	FHF17-St3-Gr1-B	Farm_19	3	1	430	125	2.663014	21.253041	9.538714	65.3738418	0.680026	1.6924796
Norway	north	19	FHF17-St3-Gr2-A	Farm_19	3	2	430	125	2.541	21.520159	9.357258	64.6338067	0.6884515	2.0744362
Norway	north	19	FHF17-St3-Gr2-B	Farm_19	3	2	430	125	2.541	21.520159	9.357258	64.6338067	0.6884515	2.0744362
Norway	north	19	FHF17-St2-Gr1-A	Farm_19	2	1	180	112	5.973568	7.03917	3.79	0.8791209	0.2452872	0.11994
Norway	north	19	FHF17-St2-Gr1-B	Farm_19	2	1	180	112	5.973568	7.03917	3.79	0.8791209	0.2452872	0.11994
Norway	north	19	FHF17-St2-Gr2-A	Farm_19	2	2	180	112	5.976603	7.002038	3.905	0.9211284	0.2106626	0.0983088
Norway	north	19	FHF17-St2-Gr2-B	Farm_19	2	2	180	112	5.976603	7.002038	3.905	0.9211284	0.2106626	0.0983088
Norway	north	19	FHF17-St1-Gr1-A	Farm_19	1	1	0	127	5.851387	7.427973	5.855	1.8053721	0.2385793	0.358557
Norway	north	19	FHF17-St1-Gr1-B	Farm_19	1	1	0	127	5.851387	7.427973	5.855	1.8053721	0.2385793	0.358557
Norway	north	19	FHF17-St1-Gr2-A	Farm_19	1	2	0	127	5.92344	7.255071	4.6	0.5040958	0.2470483	0.2227216
Norway	north	19	FHF17-St1-Gr2-B	Farm_19	1	2	0	127	5.92344	7.255071	4.6	0.5040958	0.2470483	0.2227216
Norway	coast	20	FHF18-St1-Gr1-A	Farm_20	1	1	25	206	5.0007353	20.98149	7.560625	13.05115	0.4269447	1.976322
Norway	coast	20	FHF18-St1-Gr1-B	Farm_20	1	1	25	206	5.0007353	20.98149	7.560625	13.05115	0.4269447	1.976322
Norway	coast	20	FHF18-St1-Gr1-C	Farm_20	1	1	25	206	5.0007353	20.98149	7.560625	13.05115	0.4269447	1.976322
Norway	coast	20	FHF18-St1-Gr2-A	Farm_20	1	2	25	206	5.0007353	20.98149	7.560625	13.05115	0.4269447	1.976322
Norway	coast	20	FHF18-St1-Gr2-B	Farm_20	1	2	25	206	5.0007353	20.98149	7.560625	13.05115	0.4269447	1.976322
Norway	coast	20	FHF18-St1-Gr2-C	Farm_20	1	2	25	206	5.0007353	20.98149	7.560625	13.05115	0.4269447	1.976322
Norway	coast	20	FHF18-St2-Gr1-A	Farm_20	2	1	460	326	0.4308511	26.39464	9.561765	66.12903	0.86937	4.45773
Norway	coast	20	FHF18-St2-Gr1-B	Farm_20	2	1	460	326	0.4308511	26.39464	9.561765	66.12903	0.86937	4.45773
Norway	coast	20	FHF18-St2-Gr1-C	Farm_20	2	1	460	326	0.4308511	26.39464	9.561765	66.12903	0.86937	4.45773
Norway	coast	20	FHF18-St2-Gr2-A	Farm_20	2	2	460	326	0.4308511	26.39464	9.561765	66.12903	0.86937	4.45773
Norway	coast	20	FHF18-St2-Gr2-B	Farm_20	2	2	460	326	0.4308511	26.39464	9.561765	66.12903	0.86937	4.45773
Norway	coast	20	FHF18-St2-Gr2-C	Farm_20	2	2	460	326	0.4308511	26.39464	9.561765	66.12903	0.86937	4.45773
Norway	coast	20	FHF18-St3-Gr1-A	Farm_20	3	1	105	212	2.8695122	21.05114	9.159344	28.9358	0.7042553	4.129903
Norway	coast	20	FHF18-St3-Gr1-B	Farm_20	3	1	105	212	2.8695122	21.05114	9.159344	28.9358	0.7042553	4.129903
Norway	coast	20	FHF18-St3-Gr1-C	Farm_20	3	1	105	212	2.8695122	21.05114	9.159344	28.9358	0.7042553	4.129903
Norway	coast	20	FHF18-St3-Gr2-A	Farm_20	3	2	105	212	3.4043478	18.649	8.247143	42.23919	0.6265894	3.496282
Norway	coast	20	FHF18-St3-Gr2-B	Farm_20	3	2	105	212	3.4043478	18.649	8.247143	42.23919	0.6265894	3.496282
Norway	coast	20	FHF18-St3-Gr2-C	Farm_20	3	2	105	212	3.4043478	18.649	8.247143	42.23919	0.6265894	3.496282
Norway	coast	20	FHF18-St4-Gr1-A	Farm_20	4	1	370	322	2.2466814	22.76414	9.578033	35.36896	0.7798772	4.749753
Norway	coast	20	FHF18-St4-Gr1-B	Farm_20	4	1	370	322	2.2466814	22.76414	9.578033	35.36896	0.7798772	4.749753
Norway	coast	20	FHF18-St4-Gr1-C	Farm_20	4	1	370	322	2.2466814	22.76414	9.578033	35.36896	0.7798772	4.749753
Norway	coast	20	FHF18-St4-Gr2-A	Farm_20	4	2	370	322	2.2098214	22.69833	9.989123	38.01802	0.7816704	4.876482
Norway	coast	20	FHF18-St4-Gr2-B	Farm_20	4	2	370	322	2.2098214	22.69833	9.989123	38.01802	0.7816704	4.876482
Norway	coast	20	FHF18-St4-Gr2-C	Farm_20	4	2	370	322	2.2098214	22.69833	9.989123	38.01802	0.7816704	4.876482
Norway	coast	21	FHF19-St1-Gr1-A	Farm_21	1	1	0	305	3.43125	18.56627	7.658889	10.04274	0.5373662	1.897157
Norway	coast	21	FHF19-St1-Gr1-B	Farm_21	1	1	0	305	3.43125	18.56627	7.658889	10.04274	0.5373662	1.897157
Norway	coast	21	FHF19-St1-Gr1-C	Farm_21	1	1	0	305	3.43125	18.56627	7.658889	10.04274	0.5373662	1.897157
Norway	coast	21	FHF19-St1-Gr2-A	Farm_21	1	2	0	305	3.4813433	18.01924	8.207143	33.08824	0.5144135	2.449698
Norway	coast	21	FHF19-St1-Gr2-B	Farm_21	1	2	0	305	3.4813433	18.01924	8.207143	33.08824	0.5144135	2.449698
Norway	coast	21	FHF19-St1-Gr2-C	Farm_21	1	2	0	305	3.4813433	18.01924	8.207143	33.08824	0.5144135	2.449698
Norway	coast	21	FHF19-St2-Gr1-A	Farm_21	2	1	609	310	1.3313953	24.26645	10.267143	17.64706	0.800193	4.170185
Norway	coast	21	FHF19-St2-Gr1-B	Farm_21	2	1	609	310	1.3313953	24.26645	10.267143	17.64706	0.800193	4.170185
Norway	coast	21	FHF19-St2-Gr1-C	Farm_21	2	1	609	310	1.3313953	24.26645	10.267143	17.64706	0.800193	4.170185
Norway	coast	21	FHF19-St2-Gr2-A	Farm_21	2	2	609	310	1.1387755	24.94606	11.178919	25.55556	0.8307943	4.461225
Norway	coast	21	FHF19-St2-Gr2-B	Farm_21	2	2	609	310	1.1387755	24.94606	11.178919	25.55556	0.8307943	4.461225
Norway	coast	21	FHF19-St2-Gr2-C	Farm_21	2	2	609	310	1.1387755	24.94606	11.178919	25.55556	0.8307943	4.461225
Norway	coast	21	FHF19-St3-Gr1-A	Farm_21	3	1	421	350	0.8432432	26.67395	10.65	82.17822	0.8545961	4.675173
Norway	coast	21	FHF19-St3-Gr1-B	Farm_21	3	1	421	350	0.8432432	26.67395	10.65	82.17822	0.8545961	4.675173
Norway	coast	21	FHF19-St3-Gr1-C	Farm_21	3	1	421	350	0.8432432	26.67395	10.65	82.17822	0.8545961	4.675173
Norway	coast	21	FHF19-St3-Gr2-A	Farm_21	3	2	421	350	0.6634615	26.6884	10.127857	77.51004	0.8475301	4.362893
Norway	coast	21	FHF19-St3-Gr2-B	Farm_21	3	2	421	350	0.6634615	26.6884	10.127857	77.51004	0.8475301	4.362893
Norway	coast	21	FHF19-St3-Gr2-C	Farm_21	3	2	421	350	0.6634615	26.6884	10.127857	77.51004	0.8475301	4.362893
Norway	coast	21	FHF19-St4-Gr1-A	Farm_21	4	1	376	329	0.9057377	26.35746	10.416842	43.98907	0.8437372	4.919414
Norway	coast	21	FHF19-St4-Gr1-B	Farm_21	4	1	376	329	0.9057377	26.35746	10.416842	43.98907	0.8437372	4.919414
Norway	coast	21	FHF19-St4-Gr1-C	Farm_21	4	1	376	329	0.9057377	26.35746	10.416842	43.98907	0.8437372	4.919414
Norway	coast	21	FHF19-St4-Gr2-A	Farm_21	4	2	376	329	1.6740614	23.98814	9.770286	16.31206	0.7784377	4.189612
Norway	coast	21	FHF19-St4-Gr2-B	Farm_21	4	2	376	329	1.6740614	23.98814	9.770286	16.31206	0.7784377	4.189612
Norway	coast	21	FHF19-St4-Gr2-C	Farm_21	4	2	376	329	1.6740614	23.98814	9.770286	16.31206	0.7784377	4.189612
Norway	coast	23	FHF21-St1-Gr1-A	Farm_23	1	1	0	131	5.317897	9.024551	6.980645	6.4082138	0.4434166	1.1666197
Norway	coast	23	FHF21-St1-Gr1-B	Farm_23	1	1	0	131	5.317897	9.024551	6.980645	6.4082138	0.4434166	1.1666197
Norway	coast	23	FHF21-St1-Gr1-C	Farm_23	1	1	0	131	5.317897	9.024551	6.980645	6.4082138	0.4434166	1.1666197
Norway	coast	23	FHF21-St1-Gr2-A	Farm_23	1	2	0	131	4.144451	12.911472	7.322222	21.1722488	0.5778765	2.8413615
Norway	coast	23	FHF21-St1-Gr2-B	Farm_23	1	2	0	131	4.144451	12.911472	7.322222	21.1722488	0.5778765	2.8413615
Norway	coast	23	FHF21-St1-Gr2-C	Farm_23	1	2	0	131	4.144451	12.911472	7.322222	21.1722488	0.5778765	2.8413615
Norway	coast	23	FHF21-St2-Gr1-A	Farm_23	2	1	5	146	5.404135	8.733068	6.635	5.6844305	0.3061095	0.9281654
Norway	coast	23	FHF21-St2-Gr1-B	Farm_23	2	1	5	146	5.404135	8.733068	6.635	5.6844305	0.3061095	0.9281654
Norway	coast	23	FHF21-St2-Gr1-C	Farm_23	2	1	5	146	5.404135	8.733068	6.635	5.6844305	0.3061095	0.9281654
Norway	coast	23	FHF21-St2-Gr2-A	Farm_23	2	2	5	146	5.310976	8.967805	5.778333	5.4817841	0.2916691	1.1421804
Norway	coast	23	FHF21-St2-Gr2-B	Farm_23	2	2	5	146	5.310976	8.967805	5.778333	5.4817841	0.2916691	1.1421804
Norway	coast	23	FHF21-St2-Gr2-C	Farm_23	2	2	5	146	5.310976	8.967805	5.778333	5.4817841	0.2916691	1.1421804
Norway	coast	23	FHF21-St3-Gr1-A	Farm_23	3	1	20	115	5.86011	7.559406	6.1525	1.6875981	0.2880256	0.7996302
Norway	coast	23	FHF21-St3-Gr1-B	Farm_23	3	1	20	115	5.86011	7.559406	6.1525	1.6875981	0.2880256	0.7996302
Norway	coast	23	FHF21-St3-Gr1-C	Farm_23	3	1	20	115	5.86011	7.559406	6.1525	1.6875981	0.2880256	0.7996302
Norway	coast	23	FHF21-St3-Gr2-A	Farm_23	3	2	20	115	5.918837	7.212865	5.653333	0.5992075	0.296271	0.4569246
Norway	coast	23	FHF21-St3-Gr2-B	Farm_23	3	2	20	115	5.918837	7.212865	5.653333	0.5992075	0.296271	0.4569246
Norway	coast	23	FHF21-St3-Gr2-C	Farm_23	3	2	20	115	5.918837	7.212865	5.653333	0.5992075	0.296271	0.4569246
Norway	coast	23	FHF21-St4-Gr1-A	Farm_23	4	1	300	145	2.611324	22.594351	7.645	53.1475748	0.7278975	4.9915969
Norway	coast	23	FHF21-St4-Gr1-B	Farm_23	4	1	300	145	2.611324	22.594351	7.645	53.1475748	0.7278975	4.9915969
Norway	coast	23	FHF21-St4-Gr1-C	Farm_23	4	1	300	145	2.611324	22.594351	7.645	53.1475748	0.7278975	4.9915969
Norway	coast	23	FHF21-St4-Gr2-A	Farm_23	4	2	300	145	2.546729	22.837748	8.136429	54.822335	0.7290882	4.9578141
Norway	coast	23	FHF21-St4-Gr2-B	Farm_23	4	2	300	145	2.546729	22.837748	8.136429	54.822335	0.7290882	4.9578141
Norway	coast	23	FHF21-St4-Gr2-C	Farm_23	4	2	300	145	2.546729	22.837748	8.136429	54.822335	0.7290882	4.9578141
Norway	coast	23	FHF21-St5-Gr1-A	Farm_23	5	1	582	132	2.100636	23.360494	8.556809	51.3083049	0.7509952	4.3100926
Norway	coast	23	FHF21-St5-Gr1-B	Farm_23	5	1	582	132	2.100636	23.360494	8.556809	51.3083049	0.7509952	4.3100926
Norway	coast	23	FHF21-St5-Gr1-C	Farm_23	5	1	582	132	2.100636	23.360494	8.556809	51.3083049	0.7509952	4.3100926
Norway	coast	23	FHF21-St5-Gr2-A	Farm_23	5	2	582	132	2.082055	23.550968	8.765254	52.4069028	0.7655806	4.6330828
Norway	coast	23	FHF21-St5-Gr2-B	Farm_23	5	2	582	132	2.082055	23.550968	8.765254	52.4069028	0.7655806	4.6330828
Norway	coast	23	FHF21-St5-Gr2-C	Farm_23	5	2	582	132	2.082055	23.550968	8.765254	52.4069028	0.7655806	4.6330828
Norway	coast	23	FHF21-St6-Gr1-A	Farm_23	6	1	961	121	1.705882	24.337137	9.350392	59.5387841	0.8178485	4.6911806
Norway	coast	23	FHF21-St6-Gr1-B	Farm_23	6	1	961	121	1.705882	24.337137	9.350392	59.5387841	0.8178485	4.6911806
Norway	coast	23	FHF21-St6-Gr1-C	Farm_23	6	1	961	121	1.705882	24.337137	9.350392	59.5387841	0.8178485	4.6911806
Norway	coast	23	FHF21-St6-Gr2-A	Farm_23	6	2	961	121	2.061776	24.735714	9.015349	59.3434343	0.7733931	4.5658439
Norway	coast	23	FHF21-St6-Gr2-B	Farm_23	6	2	961	121	2.061776	24.735714	9.015349	59.3434343	0.7733931	4.5658439
Norway	coast	23	FHF21-St6-Gr2-C	Farm_23	6	2	961	121	2.061776	24.735714	9.015349	59.3434343	0.7733931	4.5658439
Norway	north	24	FHF22-St1-Gr1-A	Farm_24	1	1	21.735333	0	5.8392857	6.80963	1.96	0	0.248099	1.193378
Norway	north	24	FHF22-St1-Gr1-B	Farm_24	1	1	21.735333	0	5.8392857	6.80963	1.96	0	0.248099	1.193378
Norway	north	24	FHF22-St1-Gr1-C	Farm_24	1	1	21.735333	0	5.8392857	6.80963	1.96	0	0.248099	1.193378
Norway	north	24	FHF22-St1-Gr2-A	Farm_24	1	2	21.735333	0	5.94	6.9768	3.536667	2.312139	0.2523828	1.120059
Norway	north	24	FHF22-St1-Gr2-B	Farm_24	1	2	21.735333	0	5.94	6.9768	3.536667	2.312139	0.2523828	1.120059
Norway	north	24	FHF22-St1-Gr2-C	Farm_24	1	2	21.735333	0	5.94	6.9768	3.536667	2.312139	0.2523828	1.120059
Norway	north	24	FHF22-St2-Gr1-A	Farm_24	2	1	21.744850	520	1.4521576	22.37875	9.932419	43.84787	0.7825347	4.204597
Norway	north	24	FHF22-St2-Gr1-B	Farm_24	2	1	21.744850	520	1.4521576	22.37875	9.932419	43.84787	0.7825347	4.204597
Norway	north	24	FHF22-St2-Gr1-C	Farm_24	2	1	21.744850	520	1.4521576	22.37875	9.932419	43.84787	0.7825347	4.204597
Norway	north	24	FHF22-St2-Gr2-A	Farm_24	2	2	21.744850	520	1.4093567	22.45925	9.7575	46.61458	0.7774576	3.91106
Norway	north	24	FHF22-St2-Gr2-B	Farm_24	2	2	21.744850	520	1.4093567	22.45925	9.7575	46.61458	0.7774576	3.91106
Norway	north	24	FHF22-St2-Gr2-C	Farm_24	2	2	21.744850	520	1.4093567	22.45925	9.7575	46.61458	0.7774576	3.91106
Norway	north	24	FHF22-St3-Gr1-A	Farm_24	3	1	21.742383	353	0.9219269	23.99264	9.985568	54.91803	0.8875728	5.287886
Norway	north	24	FHF22-St3-Gr1-B	Farm_24	3	1	21.742383	353	0.9219269	23.99264	9.985568	54.91803	0.8875728	5.287886
Norway	north	24	FHF22-St3-Gr1-C	Farm_24	3	1	21.742383	353	0.9219269	23.99264	9.985568	54.91803	0.8875728	5.287886
Norway	north	24	FHF22-St3-Gr2-A	Farm_24	3	2	21.742383	353	1.8	22.26222	9.495444	59.9182	0.8138639	4.787338
Norway	north	24	FHF22-St3-Gr2-B	Farm_24	3	2	21.742383	353	1.8	22.26222	9.495444	59.9182	0.8138639	4.787338
Norway	north	24	FHF22-St3-Gr2-C	Farm_24	3	2	21.742383	353	1.8	22.26222	9.495444	59.9182	0.8138639	4.787338
Norway	north	24	FHF22-St4-Gr1-A	Farm_24	4	1	21.737217	180	2.356599	22.92892	9.392685	56.64062	0.7721242	4.621528
Norway	north	24	FHF22-St4-Gr1-B	Farm_24	4	1	21.737217	180	2.356599	22.92892	9.392685	56.64062	0.7721242	4.621528
Norway	north	24	FHF22-St4-Gr1-C	Farm_24	4	1	21.737217	180	2.356599	22.92892	9.392685	56.64062	0.7721242	4.621528
Norway	north	24	FHF22-St4-Gr2-A	Farm_24	4	2	21.737217	180	1.3231132	24.07506	10.601279	63.47518	0.8503018	5.001185
Norway	north	24	FHF22-St4-Gr2-B	Farm_24	4	2	21.737217	180	1.3231132	24.07506	10.601279	63.47518	0.8503018	5.001185
Norway	north	24	FHF22-St4-Gr2-C	Farm_24	4	2	21.737217	180	1.3231132	24.07506	10.601279	63.47518	0.8503018	5.001185
Norway	north	24	FHF22-St5-Gr1-A	Farm_24	5	1	21.733117	107	2.673913	21.61714	7.774286	49.71751	0.7133305	4.204695
Norway	north	24	FHF22-St5-Gr1-B	Farm_24	5	1	21.733117	107	2.673913	21.61714	7.774286	49.71751	0.7133305	4.204695
Norway	north	24	FHF22-St5-Gr1-C	Farm_24	5	1	21.733117	107	2.673913	21.61714	7.774286	49.71751	0.7133305	4.204695
Norway	north	24	FHF22-St5-Gr2-A	Farm_24	5	2	21.733117	107	2.5902778	21.67972	8.334714	61.22004	0.72801	3.695169
Norway	north	24	FHF22-St5-Gr2-B	Farm_24	5	2	21.733117	107	2.5902778	21.67972	8.334714	61.22004	0.72801	3.695169
Norway	north	24	FHF22-St5-Gr2-C	Farm_24	5	2	21.733117	107	2.5902778	21.67972	8.334714	61.22004	0.72801	3.695169